iso3,year,method,score,reliability,rank
AGO,2000,equal,32.29,thin,50
AGO,2001,equal,32.33,unreliable,
AGO,2002,equal,35.49,thin,49
AGO,2003,equal,36.31,thin,48
AGO,2004,equal,39.15,thin,47
AGO,2005,equal,41.03,thin,43
AGO,2006,equal,43.73,thin,40
AGO,2007,equal,43.7,thin,43
AGO,2008,equal,44.72,thin,41
AGO,2009,equal,44.49,thin,42
AGO,2010,equal,45.77,thin,42
AGO,2011,equal,44.0,thin,44
AGO,2012,equal,45.09,reliable,44
AGO,2013,equal,44.44,thin,46
AGO,2014,equal,43.76,thin,46
AGO,2015,equal,45.6,reliable,44
AGO,2016,equal,45.86,reliable,43
AGO,2017,equal,46.51,thin,45
AGO,2018,equal,46.65,thin,45
AGO,2019,equal,46.84,thin,44
AGO,2020,equal,46.23,thin,43
AGO,2021,equal,46.0,thin,43
AGO,2022,equal,47.67,thin,43
AGO,2023,equal,49.1,thin,43
AGO,2024,equal,50.81,unreliable,
BDI,2000,equal,37.38,thin,44
BDI,2001,equal,37.84,unreliable,
BDI,2002,equal,39.69,thin,40
BDI,2003,equal,40.1,thin,43
BDI,2004,equal,41.44,thin,41
BDI,2005,equal,43.99,thin,35
BDI,2006,equal,47.32,thin,33
BDI,2007,equal,47.57,thin,33
BDI,2008,equal,47.6,thin,33
BDI,2009,equal,48.09,reliable,35
BDI,2010,equal,47.42,reliable,39
BDI,2011,equal,47.93,thin,38
BDI,2012,equal,47.49,thin,41
BDI,2013,equal,49.46,reliable,38
BDI,2014,equal,50.24,reliable,36
BDI,2015,equal,48.59,reliable,40
BDI,2016,equal,47.57,reliable,40
BDI,2017,equal,47.92,reliable,41
BDI,2018,equal,48.65,reliable,39
BDI,2019,equal,48.18,thin,40
BDI,2020,equal,48.82,thin,38
BDI,2021,equal,49.15,reliable,39
BDI,2022,equal,50.43,reliable,38
BDI,2023,equal,50.69,thin,36
BDI,2024,equal,50.68,unreliable,
BEN,2000,equal,47.21,thin,22
BEN,2001,equal,47.3,thin,8
BEN,2002,equal,47.05,thin,25
BEN,2003,equal,47.76,thin,26
BEN,2004,equal,48.49,thin,28
BEN,2005,equal,48.06,thin,31
BEN,2006,equal,50.26,thin,27
BEN,2007,equal,50.78,thin,28
BEN,2008,equal,51.12,thin,27
BEN,2009,equal,52.23,thin,24
BEN,2010,equal,52.77,thin,22
BEN,2011,equal,51.99,thin,24
BEN,2012,equal,52.52,thin,28
BEN,2013,equal,53.04,thin,24
BEN,2014,equal,52.83,thin,27
BEN,2015,equal,53.71,thin,23
BEN,2016,equal,53.68,thin,22
BEN,2017,equal,55.12,thin,21
BEN,2018,equal,57.31,reliable,19
BEN,2019,equal,58.14,thin,17
BEN,2020,equal,58.42,reliable,15
BEN,2021,equal,58.06,thin,17
BEN,2022,equal,58.85,reliable,16
BEN,2023,equal,58.0,thin,17
BEN,2024,equal,57.86,unreliable,
BFA,2000,equal,43.77,thin,30
BFA,2001,equal,43.62,thin,11
BFA,2002,equal,45.07,reliable,32
BFA,2003,equal,47.1,reliable,29
BFA,2004,equal,47.67,reliable,31
BFA,2005,equal,48.94,reliable,28
BFA,2006,equal,49.65,reliable,29
BFA,2007,equal,51.03,reliable,27
BFA,2008,equal,51.57,reliable,25
BFA,2009,equal,51.35,reliable,28
BFA,2010,equal,51.34,reliable,28
BFA,2011,equal,51.43,reliable,29
BFA,2012,equal,51.97,reliable,29
BFA,2013,equal,51.85,reliable,30
BFA,2014,equal,52.12,reliable,28
BFA,2015,equal,52.93,reliable,25
BFA,2016,equal,54.81,reliable,21
BFA,2017,equal,56.45,reliable,20
BFA,2018,equal,56.37,reliable,22
BFA,2019,equal,54.69,reliable,25
BFA,2020,equal,53.68,reliable,25
BFA,2021,equal,55.02,thin,25
BFA,2022,equal,53.13,reliable,31
BFA,2023,equal,51.51,thin,33
BFA,2024,equal,51.76,unreliable,
BWA,2000,equal,64.87,thin,5
BWA,2001,equal,66.29,unreliable,
BWA,2002,equal,64.21,reliable,6
BWA,2003,equal,66.82,reliable,3
BWA,2004,equal,65.98,thin,4
BWA,2005,equal,66.54,thin,4
BWA,2006,equal,66.56,thin,4
BWA,2007,equal,67.5,thin,4
BWA,2008,equal,69.63,thin,2
BWA,2009,equal,66.24,reliable,5
BWA,2010,equal,67.53,reliable,2
BWA,2011,equal,67.7,thin,2
BWA,2012,equal,69.79,thin,2
BWA,2013,equal,69.25,thin,2
BWA,2014,equal,68.15,thin,3
BWA,2015,equal,67.03,thin,4
BWA,2016,equal,66.12,thin,5
BWA,2017,equal,65.73,thin,7
BWA,2018,equal,66.53,thin,6
BWA,2019,equal,67.09,thin,6
BWA,2020,equal,65.72,reliable,7
BWA,2021,equal,67.19,thin,6
BWA,2022,equal,66.82,thin,7
BWA,2023,equal,67.26,thin,6
BWA,2024,equal,66.6,unreliable,
CAF,2000,equal,38.09,thin,42
CAF,2001,equal,36.25,unreliable,
CAF,2002,equal,36.22,thin,47
CAF,2003,equal,33.99,thin,49
CAF,2004,equal,35.91,thin,49
CAF,2005,equal,35.62,thin,50
CAF,2006,equal,36.22,thin,50
CAF,2007,equal,37.56,thin,50
CAF,2008,equal,36.11,thin,50
CAF,2009,equal,34.58,reliable,52
CAF,2010,equal,36.94,reliable,52
CAF,2011,equal,37.3,reliable,52
CAF,2012,equal,37.27,reliable,52
CAF,2013,equal,31.84,reliable,53
CAF,2014,equal,30.73,reliable,53
CAF,2015,equal,33.11,reliable,53
CAF,2016,equal,34.34,thin,52
CAF,2017,equal,34.73,thin,53
CAF,2018,equal,35.63,reliable,52
CAF,2019,equal,34.02,reliable,51
CAF,2020,equal,34.06,reliable,51
CAF,2021,equal,32.47,reliable,53
CAF,2022,equal,32.48,reliable,53
CAF,2023,equal,37.3,thin,50
CAF,2024,equal,37.27,unreliable,
CIV,2000,equal,42.17,thin,35
CIV,2001,equal,42.05,unreliable,
CIV,2002,equal,39.02,thin,42
CIV,2003,equal,41.92,thin,39
CIV,2004,equal,40.46,thin,44
CIV,2005,equal,40.61,thin,44
CIV,2006,equal,43.58,thin,42
CIV,2007,equal,44.1,thin,42
CIV,2008,equal,45.25,thin,38
CIV,2009,equal,48.02,reliable,37
CIV,2010,equal,46.69,reliable,41
CIV,2011,equal,46.85,reliable,41
CIV,2012,equal,49.79,reliable,35
CIV,2013,equal,51.75,thin,32
CIV,2014,equal,53.36,reliable,24
CIV,2015,equal,56.18,thin,18
CIV,2016,equal,55.99,reliable,19
CIV,2017,equal,56.65,reliable,18
CIV,2018,equal,57.53,reliable,18
CIV,2019,equal,58.21,reliable,16
CIV,2020,equal,57.64,reliable,17
CIV,2021,equal,58.1,thin,16
CIV,2022,equal,58.97,reliable,15
CIV,2023,equal,59.24,thin,15
CIV,2024,equal,58.97,unreliable,
CMR,2000,equal,47.6,thin,21
CMR,2001,equal,47.68,unreliable,
CMR,2002,equal,45.33,thin,31
CMR,2003,equal,47.28,thin,28
CMR,2004,equal,48.67,thin,26
CMR,2005,equal,48.16,thin,30
CMR,2006,equal,49.15,thin,30
CMR,2007,equal,48.3,thin,31
CMR,2008,equal,48.71,thin,32
CMR,2009,equal,48.24,thin,34
CMR,2010,equal,48.29,thin,37
CMR,2011,equal,50.44,thin,33
CMR,2012,equal,49.81,thin,34
CMR,2013,equal,50.34,thin,34
CMR,2014,equal,51.7,reliable,29
CMR,2015,equal,51.11,reliable,34
CMR,2016,equal,51.41,reliable,31
CMR,2017,equal,50.4,reliable,35
CMR,2018,equal,49.4,thin,38
CMR,2019,equal,49.13,thin,38
CMR,2020,equal,49.86,reliable,37
CMR,2021,equal,49.94,reliable,37
CMR,2022,equal,50.15,reliable,39
CMR,2023,equal,49.92,thin,40
CMR,2024,equal,49.64,unreliable,
COD,2000,equal,25.29,thin,53
COD,2001,equal,25.49,unreliable,
COD,2002,equal,25.92,thin,53
COD,2003,equal,28.56,thin,52
COD,2004,equal,31.1,thin,52
COD,2005,equal,33.25,thin,52
COD,2006,equal,35.21,thin,51
COD,2007,equal,35.81,thin,51
COD,2008,equal,35.72,thin,51
COD,2009,equal,36.85,reliable,50
COD,2010,equal,37.46,reliable,51
COD,2011,equal,37.42,reliable,51
COD,2012,equal,38.0,thin,51
COD,2013,equal,40.03,thin,50
COD,2014,equal,39.66,reliable,50
COD,2015,equal,41.33,reliable,49
COD,2016,equal,40.72,reliable,48
COD,2017,equal,39.76,reliable,49
COD,2018,equal,40.13,reliable,49
COD,2019,equal,39.36,reliable,49
COD,2020,equal,39.26,reliable,49
COD,2021,equal,39.74,reliable,49
COD,2022,equal,40.02,reliable,49
COD,2023,equal,40.03,thin,49
COD,2024,equal,40.02,unreliable,
COG,2000,equal,44.17,thin,29
COG,2001,equal,45.12,unreliable,
COG,2002,equal,46.37,thin,27
COG,2003,equal,46.17,thin,32
COG,2004,equal,48.18,thin,30
COG,2005,equal,45.55,thin,32
COG,2006,equal,47.35,thin,32
COG,2007,equal,46.9,thin,35
COG,2008,equal,46.2,thin,36
COG,2009,equal,48.29,reliable,33
COG,2010,equal,49.88,reliable,32
COG,2011,equal,52.9,reliable,19
COG,2012,equal,52.53,thin,27
COG,2013,equal,53.57,reliable,23
COG,2014,equal,52.9,reliable,26
COG,2015,equal,51.77,reliable,30
COG,2016,equal,49.91,reliable,36
COG,2017,equal,49.62,reliable,38
COG,2018,equal,48.38,reliable,42
COG,2019,equal,47.13,reliable,43
COG,2020,equal,47.37,reliable,41
COG,2021,equal,48.02,reliable,40
COG,2022,equal,50.91,reliable,36
COG,2023,equal,50.99,thin,34
COG,2024,equal,50.65,unreliable,
COM,2000,equal,47.74,thin,20
COM,2001,equal,48.63,unreliable,
COM,2002,equal,54.19,thin,15
COM,2003,equal,51.84,thin,17
COM,2004,equal,49.02,thin,25
COM,2005,equal,49.06,thin,27
COM,2006,equal,49.88,thin,28
COM,2007,equal,48.11,thin,32
COM,2008,equal,46.87,thin,35
COM,2009,equal,48.07,thin,36
COM,2010,equal,52.66,thin,23
COM,2011,equal,51.89,thin,27
COM,2012,equal,54.0,thin,21
COM,2013,equal,54.17,thin,22
COM,2014,equal,56.09,thin,18
COM,2015,equal,56.3,thin,17
COM,2016,equal,56.2,thin,18
COM,2017,equal,56.46,thin,19
COM,2018,equal,56.89,thin,20
COM,2019,equal,55.63,thin,21
COM,2020,equal,53.34,thin,28
COM,2021,equal,53.17,thin,30
COM,2022,equal,53.52,thin,30
COM,2023,equal,54.37,thin,27
COM,2024,equal,57.45,unreliable,
CPV,2000,equal,64.56,thin,6
CPV,2001,equal,65.34,unreliable,
CPV,2002,equal,64.47,thin,4
CPV,2003,equal,62.17,thin,8
CPV,2004,equal,62.26,thin,9
CPV,2005,equal,62.8,thin,8
CPV,2006,equal,64.85,thin,6
CPV,2007,equal,66.12,thin,6
CPV,2008,equal,66.61,thin,6
CPV,2009,equal,67.26,thin,3
CPV,2010,equal,65.95,thin,7
CPV,2011,equal,66.16,thin,6
CPV,2012,equal,67.28,thin,6
CPV,2013,equal,66.34,thin,6
CPV,2014,equal,64.58,thin,8
CPV,2015,equal,65.72,reliable,6
CPV,2016,equal,65.43,reliable,7
CPV,2017,equal,66.47,reliable,6
CPV,2018,equal,67.79,reliable,4
CPV,2019,equal,69.79,thin,3
CPV,2020,equal,66.85,reliable,5
CPV,2021,equal,67.36,thin,5
CPV,2022,equal,68.08,thin,4
CPV,2023,equal,69.66,thin,4
CPV,2024,equal,69.98,unreliable,
DJI,2000,equal,42.98,thin,32
DJI,2001,equal,44.21,unreliable,
DJI,2002,equal,44.54,thin,33
DJI,2003,equal,44.37,thin,36
DJI,2004,equal,46.37,thin,33
DJI,2005,equal,45.14,thin,33
DJI,2006,equal,46.48,thin,35
DJI,2007,equal,48.32,thin,30
DJI,2008,equal,50.74,thin,29
DJI,2009,equal,51.47,thin,27
DJI,2010,equal,51.49,thin,24
DJI,2011,equal,51.53,thin,28
DJI,2012,equal,50.7,thin,33
DJI,2013,equal,50.78,thin,33
DJI,2014,equal,51.19,thin,34
DJI,2015,equal,50.25,thin,37
DJI,2016,equal,50.38,thin,35
DJI,2017,equal,50.58,thin,34
DJI,2018,equal,51.51,thin,34
DJI,2019,equal,52.63,thin,32
DJI,2020,equal,52.66,thin,30
DJI,2021,equal,54.29,thin,29
DJI,2022,equal,54.71,thin,25
DJI,2023,equal,54.66,thin,24
DJI,2024,equal,55.84,unreliable,
DZA,2000,equal,49.22,thin,19
DZA,2001,equal,49.49,unreliable,
DZA,2002,equal,52.88,thin,17
DZA,2003,equal,53.21,thin,15
DZA,2004,equal,56.72,thin,12
DZA,2005,equal,57.72,thin,11
DZA,2006,equal,57.99,reliable,12
DZA,2007,equal,58.25,reliable,12
DZA,2008,equal,58.09,reliable,12
DZA,2009,equal,57.39,thin,13
DZA,2010,equal,57.41,thin,12
DZA,2011,equal,57.51,thin,12
DZA,2012,equal,57.99,thin,14
DZA,2013,equal,59.37,reliable,11
DZA,2014,equal,57.67,reliable,14
DZA,2015,equal,58.0,thin,14
DZA,2016,equal,59.99,thin,14
DZA,2017,equal,60.4,thin,13
DZA,2018,equal,61.14,thin,12
DZA,2019,equal,60.44,reliable,14
DZA,2020,equal,59.52,reliable,14
DZA,2021,equal,59.37,reliable,14
DZA,2022,equal,57.67,reliable,18
DZA,2023,equal,58.34,reliable,16
DZA,2024,equal,56.93,unreliable,
EGY,2000,equal,61.38,thin,9
EGY,2001,equal,61.51,unreliable,
EGY,2002,equal,60.41,thin,9
EGY,2003,equal,61.84,thin,9
EGY,2004,equal,62.6,reliable,8
EGY,2005,equal,62.41,reliable,9
EGY,2006,equal,62.56,reliable,9
EGY,2007,equal,62.59,thin,9
EGY,2008,equal,63.01,reliable,8
EGY,2009,equal,63.04,reliable,8
EGY,2010,equal,60.97,reliable,11
EGY,2011,equal,58.45,reliable,11
EGY,2012,equal,59.26,reliable,11
EGY,2013,equal,58.33,thin,12
EGY,2014,equal,59.14,reliable,12
EGY,2015,equal,60.09,reliable,12
EGY,2016,equal,60.3,reliable,12
EGY,2017,equal,60.46,reliable,12
EGY,2018,equal,60.55,reliable,14
EGY,2019,equal,61.42,reliable,12
EGY,2020,equal,61.39,reliable,12
EGY,2021,equal,62.13,thin,13
EGY,2022,equal,63.14,thin,10
EGY,2023,equal,62.38,thin,12
EGY,2024,equal,61.17,unreliable,
ERI,2000,equal,41.45,thin,36
ERI,2001,equal,42.39,thin,12
ERI,2002,equal,44.33,thin,35
ERI,2003,equal,44.55,thin,35
ERI,2004,equal,42.61,thin,39
ERI,2005,equal,42.9,thin,38
ERI,2006,equal,42.87,thin,46
ERI,2007,equal,42.51,thin,46
ERI,2008,equal,41.89,thin,45
ERI,2009,equal,43.16,thin,44
ERI,2010,equal,43.16,thin,46
ERI,2011,equal,43.98,thin,45
ERI,2012,equal,43.11,thin,46
ERI,2013,equal,45.65,thin,43
ERI,2014,equal,46.22,thin,43
ERI,2015,equal,44.83,thin,46
ERI,2016,equal,44.26,unreliable,
ERI,2017,equal,43.41,thin,48
ERI,2018,equal,43.89,thin,48
ERI,2019,equal,43.37,unreliable,
ERI,2020,equal,39.57,unreliable,
ERI,2021,equal,40.78,unreliable,
ERI,2022,equal,41.41,unreliable,
ERI,2023,equal,41.54,unreliable,
ERI,2024,equal,42.34,unreliable,
ETH,2000,equal,38.2,thin,41
ETH,2001,equal,38.97,thin,14
ETH,2002,equal,39.25,thin,41
ETH,2003,equal,38.42,thin,46
ETH,2004,equal,41.2,thin,43
ETH,2005,equal,42.37,thin,40
ETH,2006,equal,45.17,thin,38
ETH,2007,equal,45.79,thin,38
ETH,2008,equal,45.83,thin,37
ETH,2009,equal,47.64,thin,38
ETH,2010,equal,48.46,thin,36
ETH,2011,equal,48.43,reliable,36
ETH,2012,equal,48.82,thin,39
ETH,2013,equal,50.3,thin,35
ETH,2014,equal,51.45,reliable,32
ETH,2015,equal,51.33,reliable,32
ETH,2016,equal,52.45,reliable,29
ETH,2017,equal,51.74,reliable,33
ETH,2018,equal,52.41,reliable,30
ETH,2019,equal,53.12,reliable,30
ETH,2020,equal,51.86,reliable,32
ETH,2021,equal,50.92,reliable,36
ETH,2022,equal,50.93,reliable,35
ETH,2023,equal,49.95,thin,39
ETH,2024,equal,50.57,unreliable,
GAB,2000,equal,55.72,thin,12
GAB,2001,equal,56.19,unreliable,
GAB,2002,equal,56.59,thin,11
GAB,2003,equal,53.85,thin,14
GAB,2004,equal,52.43,thin,18
GAB,2005,equal,53.3,thin,18
GAB,2006,equal,52.88,thin,18
GAB,2007,equal,52.75,thin,21
GAB,2008,equal,51.62,thin,24
GAB,2009,equal,49.59,thin,29
GAB,2010,equal,51.03,thin,30
GAB,2011,equal,52.5,thin,23
GAB,2012,equal,51.77,thin,30
GAB,2013,equal,52.39,thin,27
GAB,2014,equal,50.6,thin,35
GAB,2015,equal,50.81,thin,36
GAB,2016,equal,49.81,thin,37
GAB,2017,equal,51.94,thin,32
GAB,2018,equal,51.62,thin,32
GAB,2019,equal,53.42,thin,28
GAB,2020,equal,53.21,thin,29
GAB,2021,equal,54.75,thin,26
GAB,2022,equal,56.03,thin,23
GAB,2023,equal,54.2,thin,28
GAB,2024,equal,56.05,unreliable,
GHA,2000,equal,56.23,thin,11
GHA,2001,equal,56.37,thin,6
GHA,2002,equal,55.56,reliable,12
GHA,2003,equal,54.93,reliable,13
GHA,2004,equal,56.76,reliable,11
GHA,2005,equal,57.58,reliable,12
GHA,2006,equal,59.59,reliable,11
GHA,2007,equal,59.86,reliable,11
GHA,2008,equal,61.32,reliable,10
GHA,2009,equal,62.05,reliable,10
GHA,2010,equal,62.79,reliable,9
GHA,2011,equal,66.39,thin,4
GHA,2012,equal,68.08,thin,4
GHA,2013,equal,68.65,reliable,4
GHA,2014,equal,67.24,reliable,4
GHA,2015,equal,66.94,reliable,5
GHA,2016,equal,64.48,reliable,8
GHA,2017,equal,65.07,reliable,8
GHA,2018,equal,66.49,reliable,7
GHA,2019,equal,67.36,reliable,5
GHA,2020,equal,67.48,thin,3
GHA,2021,equal,66.82,reliable,7
GHA,2022,equal,67.2,reliable,6
GHA,2023,equal,66.99,thin,7
GHA,2024,equal,67.03,unreliable,
GIN,2000,equal,35.19,thin,46
GIN,2001,equal,35.85,thin,15
GIN,2002,equal,37.72,thin,43
GIN,2003,equal,40.34,thin,41
GIN,2004,equal,42.09,thin,40
GIN,2005,equal,40.45,thin,45
GIN,2006,equal,39.03,thin,49
GIN,2007,equal,38.88,thin,49
GIN,2008,equal,39.69,thin,48
GIN,2009,equal,41.42,thin,47
GIN,2010,equal,42.56,thin,47
GIN,2011,equal,44.66,thin,43
GIN,2012,equal,44.81,thin,45
GIN,2013,equal,45.39,thin,44
GIN,2014,equal,46.11,thin,44
GIN,2015,equal,48.82,thin,39
GIN,2016,equal,49.08,thin,38
GIN,2017,equal,49.89,thin,36
GIN,2018,equal,51.46,thin,35
GIN,2019,equal,51.86,thin,33
GIN,2020,equal,51.15,thin,34
GIN,2021,equal,51.76,thin,32
GIN,2022,equal,52.08,thin,32
GIN,2023,equal,52.35,thin,31
GIN,2024,equal,52.56,unreliable,
GMB,2000,equal,49.8,thin,18
GMB,2001,equal,50.15,unreliable,
GMB,2002,equal,50.59,thin,19
GMB,2003,equal,51.53,thin,18
GMB,2004,equal,49.5,thin,23
GMB,2005,equal,48.44,thin,29
GMB,2006,equal,48.83,thin,31
GMB,2007,equal,49.69,thin,29
GMB,2008,equal,51.28,thin,26
GMB,2009,equal,53.85,thin,19
GMB,2010,equal,53.22,thin,19
GMB,2011,equal,52.74,thin,20
GMB,2012,equal,52.56,thin,26
GMB,2013,equal,51.92,thin,29
GMB,2014,equal,51.51,thin,31
GMB,2015,equal,51.91,thin,29
GMB,2016,equal,50.44,thin,34
GMB,2017,equal,53.54,thin,24
GMB,2018,equal,55.15,thin,24
GMB,2019,equal,55.98,thin,20
GMB,2020,equal,55.84,thin,20
GMB,2021,equal,56.04,thin,22
GMB,2022,equal,57.57,reliable,20
GMB,2023,equal,57.95,thin,18
GMB,2024,equal,58.09,unreliable,
GNB,2000,equal,34.05,thin,47
GNB,2001,equal,36.44,unreliable,
GNB,2002,equal,37.59,thin,45
GNB,2003,equal,38.22,thin,47
GNB,2004,equal,37.9,thin,48
GNB,2005,equal,38.81,thin,47
GNB,2006,equal,42.96,thin,45
GNB,2007,equal,43.27,thin,44
GNB,2008,equal,42.38,thin,43
GNB,2009,equal,43.44,thin,43
GNB,2010,equal,43.27,thin,45
GNB,2011,equal,43.89,thin,47
GNB,2012,equal,42.47,thin,47
GNB,2013,equal,42.02,thin,47
GNB,2014,equal,41.92,thin,48
GNB,2015,equal,43.98,thin,48
GNB,2016,equal,45.27,reliable,45
GNB,2017,equal,47.26,reliable,44
GNB,2018,equal,49.51,thin,37
GNB,2019,equal,50.32,thin,36
GNB,2020,equal,51.02,thin,35
GNB,2021,equal,51.05,thin,35
GNB,2022,equal,50.97,thin,34
GNB,2023,equal,50.12,thin,38
GNB,2024,equal,49.99,unreliable,
GNQ,2000,equal,38.68,thin,40
GNQ,2001,equal,41.12,unreliable,
GNQ,2002,equal,41.39,thin,37
GNQ,2003,equal,41.67,thin,40
GNQ,2004,equal,41.32,thin,42
GNQ,2005,equal,41.1,thin,42
GNQ,2006,equal,42.99,thin,44
GNQ,2007,equal,43.12,thin,45
GNQ,2008,equal,41.93,thin,44
GNQ,2009,equal,41.98,thin,46
GNQ,2010,equal,41.02,thin,49
GNQ,2011,equal,40.22,thin,48
GNQ,2012,equal,40.2,thin,49
GNQ,2013,equal,40.19,thin,49
GNQ,2014,equal,39.62,thin,51
GNQ,2015,equal,38.71,thin,51
GNQ,2016,equal,38.83,thin,49
GNQ,2017,equal,39.51,thin,50
GNQ,2018,equal,39.4,thin,50
GNQ,2019,equal,39.63,thin,48
GNQ,2020,equal,39.64,thin,48
GNQ,2021,equal,40.29,thin,48
GNQ,2022,equal,41.9,thin,48
GNQ,2023,equal,41.77,thin,47
GNQ,2024,equal,42.13,unreliable,
KEN,2000,equal,45.88,thin,24
KEN,2001,equal,46.65,unreliable,
KEN,2002,equal,47.78,thin,22
KEN,2003,equal,49.93,thin,21
KEN,2004,equal,52.08,thin,19
KEN,2005,equal,52.14,thin,19
KEN,2006,equal,51.78,thin,24
KEN,2007,equal,51.62,thin,25
KEN,2008,equal,50.18,thin,30
KEN,2009,equal,49.59,thin,29
KEN,2010,equal,51.49,thin,24
KEN,2011,equal,51.94,reliable,25
KEN,2012,equal,53.19,reliable,23
KEN,2013,equal,54.38,reliable,21
KEN,2014,equal,55.98,thin,19
KEN,2015,equal,55.82,reliable,19
KEN,2016,equal,56.9,reliable,16
KEN,2017,equal,56.71,reliable,17
KEN,2018,equal,57.75,reliable,17
KEN,2019,equal,58.09,reliable,18
KEN,2020,equal,58.09,reliable,16
KEN,2021,equal,58.83,reliable,15
KEN,2022,equal,60.58,reliable,13
KEN,2023,equal,60.68,reliable,14
KEN,2024,equal,60.95,unreliable,
LBR,2000,equal,33.34,thin,49
LBR,2001,equal,33.64,unreliable,
LBR,2002,equal,32.95,thin,50
LBR,2003,equal,32.44,thin,51
LBR,2004,equal,35.46,thin,50
LBR,2005,equal,37.23,thin,49
LBR,2006,equal,43.32,thin,43
LBR,2007,equal,44.34,reliable,41
LBR,2008,equal,44.83,reliable,40
LBR,2009,equal,46.06,reliable,41
LBR,2010,equal,47.99,reliable,38
LBR,2011,equal,47.83,thin,39
LBR,2012,equal,49.4,reliable,37
LBR,2013,equal,48.26,reliable,42
LBR,2014,equal,46.5,reliable,42
LBR,2015,equal,45.66,thin,43
LBR,2016,equal,46.15,thin,42
LBR,2017,equal,48.74,thin,39
LBR,2018,equal,48.26,thin,43
LBR,2019,equal,47.42,thin,42
LBR,2020,equal,47.34,thin,42
LBR,2021,equal,48.01,thin,41
LBR,2022,equal,49.04,thin,41
LBR,2023,equal,50.92,thin,35
LBR,2024,equal,51.7,unreliable,
LBY,2000,equal,50.75,thin,17
LBY,2001,equal,50.94,unreliable,
LBY,2002,equal,50.25,thin,20
LBY,2003,equal,51.2,thin,20
LBY,2004,equal,54.08,thin,14
LBY,2005,equal,54.31,thin,16
LBY,2006,equal,53.98,thin,16
LBY,2007,equal,54.41,thin,15
LBY,2008,equal,54.32,thin,18
LBY,2009,equal,53.36,thin,21
LBY,2010,equal,51.16,thin,29
LBY,2011,equal,47.68,thin,40
LBY,2012,equal,54.12,thin,20
LBY,2013,equal,52.43,thin,26
LBY,2014,equal,50.06,thin,38
LBY,2015,equal,46.04,reliable,42
LBY,2016,equal,45.44,reliable,44
LBY,2017,equal,48.33,reliable,40
LBY,2018,equal,48.62,reliable,40
LBY,2019,equal,47.66,reliable,41
LBY,2020,equal,44.21,reliable,45
LBY,2021,equal,44.84,reliable,44
LBY,2022,equal,45.77,reliable,44
LBY,2023,equal,49.13,thin,42
LBY,2024,equal,46.66,unreliable,
LSO,2000,equal,54.35,thin,14
LSO,2001,equal,55.92,thin,7
LSO,2002,equal,54.85,thin,13
LSO,2003,equal,55.25,thin,12
LSO,2004,equal,53.61,thin,15
LSO,2005,equal,55.55,thin,14
LSO,2006,equal,54.33,thin,14
LSO,2007,equal,53.43,reliable,19
LSO,2008,equal,53.9,reliable,20
LSO,2009,equal,56.08,thin,14
LSO,2010,equal,54.3,thin,18
LSO,2011,equal,54.86,thin,18
LSO,2012,equal,55.27,thin,19
LSO,2013,equal,56.14,thin,18
LSO,2014,equal,55.67,thin,20
LSO,2015,equal,55.44,thin,20
LSO,2016,equal,56.85,thin,17
LSO,2017,equal,58.03,thin,16
LSO,2018,equal,58.49,thin,15
LSO,2019,equal,57.73,thin,19
LSO,2020,equal,57.19,thin,19
LSO,2021,equal,56.84,thin,18
LSO,2022,equal,58.68,thin,17
LSO,2023,equal,57.75,thin,19
LSO,2024,equal,58.24,unreliable,
MAR,2000,equal,59.52,thin,10
MAR,2001,equal,59.88,thin,5
MAR,2002,equal,59.77,thin,10
MAR,2003,equal,59.33,thin,10
MAR,2004,equal,59.65,reliable,10
MAR,2005,equal,58.1,reliable,10
MAR,2006,equal,60.43,reliable,10
MAR,2007,equal,61.63,reliable,10
MAR,2008,equal,61.64,reliable,9
MAR,2009,equal,63.2,reliable,7
MAR,2010,equal,66.17,reliable,5
MAR,2011,equal,65.57,reliable,7
MAR,2012,equal,66.75,reliable,8
MAR,2013,equal,66.44,thin,5
MAR,2014,equal,65.62,reliable,7
MAR,2015,equal,65.34,reliable,8
MAR,2016,equal,66.53,reliable,4
MAR,2017,equal,66.74,reliable,5
MAR,2018,equal,67.32,reliable,5
MAR,2019,equal,67.93,thin,4
MAR,2020,equal,67.03,thin,4
MAR,2021,equal,67.57,reliable,4
MAR,2022,equal,67.55,reliable,5
MAR,2023,equal,68.23,reliable,5
MAR,2024,equal,67.54,unreliable,
MDG,2000,equal,55.49,thin,13
MDG,2001,equal,55.37,unreliable,
MDG,2002,equal,54.4,thin,14
MDG,2003,equal,55.91,thin,11
MDG,2004,equal,55.02,thin,13
MDG,2005,equal,56.02,thin,13
MDG,2006,equal,56.68,thin,13
MDG,2007,equal,57.8,thin,13
MDG,2008,equal,55.72,thin,15
MDG,2009,equal,53.47,thin,20
MDG,2010,equal,50.88,thin,31
MDG,2011,equal,50.56,thin,32
MDG,2012,equal,51.49,thin,31
MDG,2013,equal,50.15,thin,36
MDG,2014,equal,51.32,thin,33
MDG,2015,equal,52.55,thin,27
MDG,2016,equal,53.31,thin,24
MDG,2017,equal,52.82,thin,27
MDG,2018,equal,56.43,reliable,21
MDG,2019,equal,55.09,thin,24
MDG,2020,equal,55.09,thin,23
MDG,2021,equal,54.75,reliable,26
MDG,2022,equal,54.64,thin,27
MDG,2023,equal,54.46,thin,25
MDG,2024,equal,54.64,unreliable,
MLI,2000,equal,42.3,thin,34
MLI,2001,equal,43.8,unreliable,
MLI,2002,equal,47.37,thin,24
MLI,2003,equal,48.81,thin,22
MLI,2004,equal,50.06,thin,21
MLI,2005,equal,50.16,thin,24
MLI,2006,equal,50.59,thin,26
MLI,2007,equal,51.63,thin,24
MLI,2008,equal,50.87,thin,28
MLI,2009,equal,51.53,thin,26
MLI,2010,equal,51.38,thin,26
MLI,2011,equal,51.35,thin,30
MLI,2012,equal,46.89,thin,42
MLI,2013,equal,48.32,thin,41
MLI,2014,equal,49.05,reliable,39
MLI,2015,equal,51.2,reliable,33
MLI,2016,equal,50.7,reliable,33
MLI,2017,equal,52.14,reliable,31
MLI,2018,equal,52.27,reliable,31
MLI,2019,equal,51.86,reliable,33
MLI,2020,equal,51.47,thin,33
MLI,2021,equal,51.29,reliable,34
MLI,2022,equal,50.62,reliable,37
MLI,2023,equal,50.66,thin,37
MLI,2024,equal,51.02,unreliable,
MOZ,2000,equal,43.45,thin,31
MOZ,2001,equal,44.58,thin,9
MOZ,2002,equal,45.51,reliable,29
MOZ,2003,equal,46.01,reliable,33
MOZ,2004,equal,47.25,reliable,32
MOZ,2005,equal,49.11,reliable,26
MOZ,2006,equal,50.87,reliable,25
MOZ,2007,equal,51.41,reliable,26
MOZ,2008,equal,51.71,reliable,23
MOZ,2009,equal,52.18,reliable,25
MOZ,2010,equal,51.38,reliable,26
MOZ,2011,equal,51.35,reliable,30
MOZ,2012,equal,52.97,thin,24
MOZ,2013,equal,52.31,thin,28
MOZ,2014,equal,51.57,thin,30
MOZ,2015,equal,50.9,thin,35
MOZ,2016,equal,50.92,thin,32
MOZ,2017,equal,49.67,reliable,37
MOZ,2018,equal,50.89,thin,36
MOZ,2019,equal,50.25,reliable,37
MOZ,2020,equal,48.44,thin,39
MOZ,2021,equal,49.66,reliable,38
MOZ,2022,equal,49.99,reliable,40
MOZ,2023,equal,49.68,thin,41
MOZ,2024,equal,49.66,unreliable,
MRT,2000,equal,44.39,thin,27
MRT,2001,equal,44.49,thin,10
MRT,2002,equal,46.29,thin,28
MRT,2003,equal,46.98,thin,30
MRT,2004,equal,44.4,thin,35
MRT,2005,equal,44.58,thin,34
MRT,2006,equal,46.5,thin,34
MRT,2007,equal,47.05,thin,34
MRT,2008,equal,44.48,thin,42
MRT,2009,equal,47.23,thin,39
MRT,2010,equal,49.4,thin,34
MRT,2011,equal,49.67,thin,35
MRT,2012,equal,49.46,thin,36
MRT,2013,equal,49.62,thin,37
MRT,2014,equal,50.08,thin,37
MRT,2015,equal,51.76,thin,31
MRT,2016,equal,51.68,thin,30
MRT,2017,equal,52.39,thin,29
MRT,2018,equal,53.76,reliable,27
MRT,2019,equal,54.1,reliable,27
MRT,2020,equal,52.13,thin,31
MRT,2021,equal,51.56,thin,33
MRT,2022,equal,51.94,thin,33
MRT,2023,equal,52.25,thin,32
MRT,2024,equal,53.07,unreliable,
MUS,2000,equal,76.68,thin,1
MUS,2001,equal,76.37,thin,1
MUS,2002,equal,77.07,thin,1
MUS,2003,equal,76.87,thin,1
MUS,2004,equal,76.55,thin,1
MUS,2005,equal,77.06,thin,1
MUS,2006,equal,77.58,thin,1
MUS,2007,equal,78.14,thin,1
MUS,2008,equal,77.19,thin,1
MUS,2009,equal,75.29,thin,1
MUS,2010,equal,73.65,thin,1
MUS,2011,equal,74.19,thin,1
MUS,2012,equal,76.14,thin,1
MUS,2013,equal,75.64,thin,1
MUS,2014,equal,76.53,thin,1
MUS,2015,equal,77.67,reliable,1
MUS,2016,equal,77.88,reliable,1
MUS,2017,equal,77.04,reliable,1
MUS,2018,equal,76.73,reliable,1
MUS,2019,equal,76.78,thin,1
MUS,2020,equal,75.57,reliable,1
MUS,2021,equal,74.62,reliable,1
MUS,2022,equal,74.78,reliable,1
MUS,2023,equal,76.03,thin,1
MUS,2024,equal,75.88,unreliable,
MWI,2000,equal,47.07,thin,23
MWI,2001,equal,46.07,unreliable,
MWI,2002,equal,45.36,thin,30
MWI,2003,equal,48.61,reliable,24
MWI,2004,equal,52.7,reliable,17
MWI,2005,equal,54.85,reliable,15
MWI,2006,equal,54.15,reliable,15
MWI,2007,equal,55.33,reliable,14
MWI,2008,equal,56.41,reliable,13
MWI,2009,equal,57.6,reliable,12
MWI,2010,equal,55.98,thin,13
MWI,2011,equal,56.08,thin,14
MWI,2012,equal,55.62,thin,18
MWI,2013,equal,56.22,thin,17
MWI,2014,equal,56.14,thin,17
MWI,2015,equal,53.66,thin,24
MWI,2016,equal,52.74,thin,26
MWI,2017,equal,53.11,thin,26
MWI,2018,equal,52.47,thin,29
MWI,2019,equal,52.64,thin,31
MWI,2020,equal,53.47,thin,26
MWI,2021,equal,55.26,thin,24
MWI,2022,equal,54.37,thin,28
MWI,2023,equal,53.46,thin,30
MWI,2024,equal,55.79,unreliable,
NAM,2000,equal,66.26,thin,4
NAM,2001,equal,66.41,thin,3
NAM,2002,equal,64.35,thin,5
NAM,2003,equal,62.83,thin,6
NAM,2004,equal,63.45,thin,6
NAM,2005,equal,64.15,thin,6
NAM,2006,equal,66.31,thin,5
NAM,2007,equal,66.66,thin,5
NAM,2008,equal,67.11,thin,5
NAM,2009,equal,66.95,reliable,4
NAM,2010,equal,66.43,reliable,4
NAM,2011,equal,66.21,reliable,5
NAM,2012,equal,67.95,reliable,5
NAM,2013,equal,68.7,thin,3
NAM,2014,equal,68.59,thin,2
NAM,2015,equal,69.19,thin,3
NAM,2016,equal,67.44,thin,3
NAM,2017,equal,67.75,thin,3
NAM,2018,equal,66.37,reliable,8
NAM,2019,equal,66.66,reliable,7
NAM,2020,equal,66.61,reliable,6
NAM,2021,equal,69.68,reliable,3
NAM,2022,equal,69.45,thin,3
NAM,2023,equal,70.0,thin,3
NAM,2024,equal,69.61,unreliable,
NER,2000,equal,35.62,thin,45
NER,2001,equal,35.18,thin,16
NER,2002,equal,36.23,thin,46
NER,2003,equal,38.68,thin,45
NER,2004,equal,39.25,thin,46
NER,2005,equal,39.93,thin,46
NER,2006,equal,40.64,thin,47
NER,2007,equal,41.92,thin,47
NER,2008,equal,41.88,thin,46
NER,2009,equal,42.16,reliable,45
NER,2010,equal,43.32,reliable,44
NER,2011,equal,43.92,reliable,46
NER,2012,equal,45.13,reliable,43
NER,2013,equal,45.2,thin,45
NER,2014,equal,45.64,reliable,45
NER,2015,equal,44.99,reliable,45
NER,2016,equal,44.88,thin,46
NER,2017,equal,45.51,reliable,47
NER,2018,equal,43.91,reliable,47
NER,2019,equal,44.84,reliable,46
NER,2020,equal,44.44,reliable,44
NER,2021,equal,44.72,reliable,46
NER,2022,equal,45.35,reliable,46
NER,2023,equal,45.75,thin,46
NER,2024,equal,45.49,unreliable,
NGA,2000,equal,37.88,thin,43
NGA,2001,equal,38.55,unreliable,
NGA,2002,equal,37.67,thin,44
NGA,2003,equal,42.55,thin,37
NGA,2004,equal,44.05,thin,37
NGA,2005,equal,43.69,thin,36
NGA,2006,equal,45.24,thin,37
NGA,2007,equal,46.77,thin,36
NGA,2008,equal,47.26,thin,34
NGA,2009,equal,48.66,thin,32
NGA,2010,equal,46.71,thin,40
NGA,2011,equal,48.17,thin,37
NGA,2012,equal,49.12,thin,38
NGA,2013,equal,48.39,thin,40
NGA,2014,equal,47.94,reliable,41
NGA,2015,equal,49.99,reliable,38
NGA,2016,equal,47.93,thin,39
NGA,2017,equal,47.74,reliable,42
NGA,2018,equal,48.61,reliable,41
NGA,2019,equal,48.89,reliable,39
NGA,2020,equal,48.27,reliable,40
NGA,2021,equal,47.79,reliable,42
NGA,2022,equal,48.0,reliable,42
NGA,2023,equal,48.77,thin,44
NGA,2024,equal,48.53,unreliable,
RWA,2000,equal,41.42,thin,37
RWA,2001,equal,42.03,unreliable,
RWA,2002,equal,44.45,thin,34
RWA,2003,equal,46.48,thin,31
RWA,2004,equal,48.67,thin,26
RWA,2005,equal,49.18,thin,25
RWA,2006,equal,52.54,reliable,19
RWA,2007,equal,53.73,reliable,17
RWA,2008,equal,55.86,reliable,14
RWA,2009,equal,54.93,thin,16
RWA,2010,equal,55.95,thin,14
RWA,2011,equal,56.25,thin,13
RWA,2012,equal,58.09,thin,12
RWA,2013,equal,58.23,reliable,13
RWA,2014,equal,59.45,thin,11
RWA,2015,equal,59.56,reliable,13
RWA,2016,equal,60.18,reliable,13
RWA,2017,equal,60.4,thin,13
RWA,2018,equal,60.74,reliable,13
RWA,2019,equal,60.64,reliable,13
RWA,2020,equal,61.08,reliable,13
RWA,2021,equal,62.77,thin,11
RWA,2022,equal,62.8,thin,12
RWA,2023,equal,63.27,thin,10
RWA,2024,equal,63.88,unreliable,
SDN,2000,equal,38.75,thin,39
SDN,2001,equal,38.48,unreliable,
SDN,2002,equal,41.37,thin,38
SDN,2003,equal,40.14,thin,42
SDN,2004,equal,44.27,thin,36
SDN,2005,equal,43.31,thin,37
SDN,2006,equal,45.72,thin,36
SDN,2007,equal,45.02,thin,39
SDN,2008,equal,40.97,thin,47
SDN,2009,equal,40.87,thin,48
SDN,2010,equal,41.89,thin,48
SDN,2011,equal,40.21,thin,49
SDN,2012,equal,40.67,thin,48
SDN,2013,equal,41.02,thin,48
SDN,2014,equal,42.59,thin,47
SDN,2015,equal,44.42,thin,47
SDN,2016,equal,44.16,thin,47
SDN,2017,equal,45.9,thin,46
SDN,2018,equal,44.99,reliable,46
SDN,2019,equal,45.49,reliable,45
SDN,2020,equal,43.61,reliable,46
SDN,2021,equal,43.11,reliable,47
SDN,2022,equal,42.66,reliable,47
SDN,2023,equal,41.72,thin,48
SDN,2024,equal,40.25,unreliable,
SEN,2000,equal,51.47,thin,16
SEN,2001,equal,51.66,unreliable,
SEN,2002,equal,53.08,thin,16
SEN,2003,equal,51.9,thin,16
SEN,2004,equal,53.03,thin,16
SEN,2005,equal,53.98,thin,17
SEN,2006,equal,53.84,thin,17
SEN,2007,equal,53.99,thin,16
SEN,2008,equal,54.51,thin,17
SEN,2009,equal,55.73,thin,15
SEN,2010,equal,55.45,thin,15
SEN,2011,equal,55.75,reliable,15
SEN,2012,equal,58.02,thin,13
SEN,2013,equal,58.05,reliable,14
SEN,2014,equal,58.94,reliable,13
SEN,2015,equal,61.6,reliable,11
SEN,2016,equal,62.24,thin,10
SEN,2017,equal,63.01,reliable,10
SEN,2018,equal,63.84,reliable,10
SEN,2019,equal,64.58,reliable,10
SEN,2020,equal,64.05,reliable,10
SEN,2021,equal,63.07,reliable,10
SEN,2022,equal,63.22,reliable,9
SEN,2023,equal,63.55,reliable,9
SEN,2024,equal,63.69,unreliable,
SLE,2000,equal,33.52,thin,48
SLE,2001,equal,31.73,unreliable,
SLE,2002,equal,36.06,thin,48
SLE,2003,equal,39.82,thin,44
SLE,2004,equal,43.91,reliable,38
SLE,2005,equal,42.82,reliable,39
SLE,2006,equal,43.73,reliable,40
SLE,2007,equal,44.85,reliable,40
SLE,2008,equal,45.14,reliable,39
SLE,2009,equal,47.18,reliable,40
SLE,2010,equal,49.72,reliable,33
SLE,2011,equal,51.94,reliable,25
SLE,2012,equal,54.0,thin,21
SLE,2013,equal,54.59,thin,20
SLE,2014,equal,54.01,thin,22
SLE,2015,equal,52.93,reliable,25
SLE,2016,equal,52.63,thin,28
SLE,2017,equal,53.22,thin,25
SLE,2018,equal,55.41,thin,23
SLE,2019,equal,55.18,reliable,23
SLE,2020,equal,55.16,reliable,22
SLE,2021,equal,55.38,reliable,23
SLE,2022,equal,54.66,thin,26
SLE,2023,equal,53.67,thin,29
SLE,2024,equal,53.95,unreliable,
SOM,2000,equal,26.78,thin,52
SOM,2001,equal,27.36,unreliable,
SOM,2002,equal,29.17,thin,52
SOM,2003,equal,28.34,thin,53
SOM,2004,equal,29.62,thin,53
SOM,2005,equal,30.5,thin,53
SOM,2006,equal,30.47,thin,53
SOM,2007,equal,26.93,thin,53
SOM,2008,equal,27.22,thin,53
SOM,2009,equal,27.94,thin,53
SOM,2010,equal,28.19,thin,53
SOM,2011,equal,26.15,thin,54
SOM,2012,equal,28.73,thin,54
SOM,2013,equal,34.47,reliable,52
SOM,2014,equal,35.85,reliable,52
SOM,2015,equal,36.13,reliable,52
SOM,2016,equal,35.34,reliable,51
SOM,2017,equal,35.19,reliable,52
SOM,2018,equal,33.54,reliable,53
SOM,2019,equal,33.06,reliable,52
SOM,2020,equal,32.08,reliable,52
SOM,2021,equal,32.96,reliable,51
SOM,2022,equal,33.23,reliable,52
SOM,2023,equal,34.33,thin,52
SOM,2024,equal,34.73,unreliable,
SSD,2000,equal,40.96,unreliable,
SSD,2001,equal,41.67,unreliable,
SSD,2002,equal,42.98,unreliable,
SSD,2003,equal,43.75,unreliable,
SSD,2004,equal,44.85,unreliable,
SSD,2005,equal,45.61,unreliable,
SSD,2006,equal,47.13,unreliable,
SSD,2007,equal,46.73,unreliable,
SSD,2008,equal,46.48,unreliable,
SSD,2009,equal,46.24,unreliable,
SSD,2010,equal,47.46,unreliable,
SSD,2011,equal,33.51,thin,53
SSD,2012,equal,29.05,thin,53
SSD,2013,equal,28.98,thin,54
SSD,2014,equal,25.53,thin,54
SSD,2015,equal,26.2,reliable,54
SSD,2016,equal,23.98,reliable,53
SSD,2017,equal,22.48,reliable,54
SSD,2018,equal,24.83,reliable,54
SSD,2019,equal,25.52,reliable,53
SSD,2020,equal,25.91,reliable,53
SSD,2021,equal,32.64,reliable,52
SSD,2022,equal,34.0,reliable,51
SSD,2023,equal,33.89,unreliable,
SSD,2024,equal,34.17,unreliable,
STP,2000,equal,61.62,thin,8
STP,2001,equal,62.26,unreliable,
STP,2002,equal,61.95,thin,8
STP,2003,equal,62.67,thin,7
STP,2004,equal,62.69,thin,7
STP,2005,equal,63.73,thin,7
STP,2006,equal,62.91,reliable,8
STP,2007,equal,63.15,reliable,8
STP,2008,equal,61.12,reliable,11
STP,2009,equal,62.26,reliable,9
STP,2010,equal,64.4,reliable,8
STP,2011,equal,64.61,thin,9
STP,2012,equal,65.0,thin,9
STP,2013,equal,65.88,thin,8
STP,2014,equal,64.57,thin,9
STP,2015,equal,64.8,thin,9
STP,2016,equal,64.02,thin,9
STP,2017,equal,64.13,thin,9
STP,2018,equal,65.11,thin,9
STP,2019,equal,65.44,thin,9
STP,2020,equal,64.82,thin,9
STP,2021,equal,64.9,thin,8
STP,2022,equal,64.45,thin,8
STP,2023,equal,66.07,thin,8
STP,2024,equal,64.85,unreliable,
SWZ,2000,equal,51.77,reliable,15
SWZ,2001,equal,51.42,unreliable,
SWZ,2002,equal,51.51,thin,18
SWZ,2003,equal,51.25,thin,19
SWZ,2004,equal,49.68,thin,22
SWZ,2005,equal,50.4,thin,21
SWZ,2006,equal,52.27,reliable,21
SWZ,2007,equal,52.21,thin,23
SWZ,2008,equal,54.08,reliable,19
SWZ,2009,equal,54.84,reliable,17
SWZ,2010,equal,55.35,reliable,16
SWZ,2011,equal,54.93,reliable,17
SWZ,2012,equal,56.53,reliable,15
SWZ,2013,equal,57.03,reliable,15
SWZ,2014,equal,57.34,reliable,15
SWZ,2015,equal,56.7,reliable,15
SWZ,2016,equal,57.19,thin,15
SWZ,2017,equal,58.84,reliable,15
SWZ,2018,equal,57.82,thin,16
SWZ,2019,equal,58.31,thin,15
SWZ,2020,equal,57.28,thin,18
SWZ,2021,equal,56.59,reliable,20
SWZ,2022,equal,56.1,thin,22
SWZ,2023,equal,55.76,thin,22
SWZ,2024,equal,56.0,unreliable,
SYC,2000,equal,72.47,thin,2
SYC,2001,equal,72.75,thin,2
SYC,2002,equal,73.32,thin,2
SYC,2003,equal,72.64,thin,2
SYC,2004,equal,67.3,reliable,3
SYC,2005,equal,68.49,thin,2
SYC,2006,equal,69.28,thin,2
SYC,2007,equal,70.73,reliable,2
SYC,2008,equal,67.33,reliable,4
SYC,2009,equal,64.46,reliable,6
SYC,2010,equal,66.9,reliable,3
SYC,2011,equal,64.94,thin,8
SYC,2012,equal,69.62,thin,3
SYC,2013,equal,65.54,reliable,9
SYC,2014,equal,66.52,reliable,5
SYC,2015,equal,70.68,reliable,2
SYC,2016,equal,70.94,reliable,2
SYC,2017,equal,70.74,reliable,2
SYC,2018,equal,72.29,reliable,2
SYC,2019,equal,72.39,reliable,2
SYC,2020,equal,72.16,reliable,2
SYC,2021,equal,72.56,reliable,2
SYC,2022,equal,72.52,thin,2
SYC,2023,equal,73.94,thin,2
SYC,2024,equal,73.55,unreliable,
TCD,2000,equal,31.84,thin,51
TCD,2001,equal,32.46,thin,17
TCD,2002,equal,32.2,thin,51
TCD,2003,equal,32.47,thin,50
TCD,2004,equal,34.55,thin,51
TCD,2005,equal,33.46,thin,51
TCD,2006,equal,32.87,thin,52
TCD,2007,equal,32.51,thin,52
TCD,2008,equal,33.29,thin,52
TCD,2009,equal,35.52,reliable,51
TCD,2010,equal,38.44,reliable,50
TCD,2011,equal,37.77,thin,50
TCD,2012,equal,39.65,reliable,50
TCD,2013,equal,39.85,thin,51
TCD,2014,equal,39.67,thin,49
TCD,2015,equal,39.15,reliable,50
TCD,2016,equal,36.93,reliable,50
TCD,2017,equal,38.14,reliable,51
TCD,2018,equal,38.36,reliable,51
TCD,2019,equal,38.91,reliable,50
TCD,2020,equal,38.84,reliable,50
TCD,2021,equal,38.64,reliable,50
TCD,2022,equal,36.32,reliable,50
TCD,2023,equal,35.96,thin,51
TCD,2024,equal,36.32,unreliable,
TGO,2000,equal,42.53,thin,33
TGO,2001,equal,42.64,unreliable,
TGO,2002,equal,43.27,thin,36
TGO,2003,equal,45.61,thin,34
TGO,2004,equal,44.6,thin,34
TGO,2005,equal,41.17,thin,41
TGO,2006,equal,44.27,thin,39
TGO,2007,equal,45.8,thin,37
TGO,2008,equal,48.88,thin,31
TGO,2009,equal,49.5,reliable,31
TGO,2010,equal,48.99,reliable,35
TGO,2011,equal,50.34,reliable,34
TGO,2012,equal,51.14,reliable,32
TGO,2013,equal,51.77,reliable,31
TGO,2014,equal,53.37,reliable,23
TGO,2015,equal,54.18,thin,21
TGO,2016,equal,55.12,reliable,20
TGO,2017,equal,53.91,thin,23
TGO,2018,equal,54.8,thin,25
TGO,2019,equal,55.53,thin,22
TGO,2020,equal,55.6,thin,21
TGO,2021,equal,56.83,thin,19
TGO,2022,equal,56.88,reliable,21
TGO,2023,equal,56.36,thin,21
TGO,2024,equal,56.25,unreliable,
TUN,2000,equal,67.36,thin,3
TUN,2001,equal,67.61,unreliable,
TUN,2002,equal,67.78,thin,3
TUN,2003,equal,66.29,thin,4
TUN,2004,equal,67.39,thin,2
TUN,2005,equal,66.95,thin,3
TUN,2006,equal,68.86,thin,3
TUN,2007,equal,68.96,reliable,3
TUN,2008,equal,68.66,reliable,3
TUN,2009,equal,68.07,thin,2
TUN,2010,equal,65.98,reliable,6
TUN,2011,equal,66.88,thin,3
TUN,2012,equal,66.87,thin,7
TUN,2013,equal,66.17,thin,7
TUN,2014,equal,65.66,thin,6
TUN,2015,equal,65.65,thin,7
TUN,2016,equal,65.45,thin,6
TUN,2017,equal,66.98,thin,4
TUN,2018,equal,67.93,thin,3
TUN,2019,equal,66.13,reliable,8
TUN,2020,equal,65.56,reliable,8
TUN,2021,equal,63.72,thin,9
TUN,2022,equal,63.1,thin,11
TUN,2023,equal,63.15,thin,11
TUN,2024,equal,62.01,unreliable,
TZA,2000,equal,45.52,thin,25
TZA,2001,equal,46.65,unreliable,
TZA,2002,equal,48.82,thin,21
TZA,2003,equal,48.76,reliable,23
TZA,2004,equal,49.28,reliable,24
TZA,2005,equal,50.62,thin,20
TZA,2006,equal,52.1,thin,23
TZA,2007,equal,53.55,thin,18
TZA,2008,equal,52.71,thin,22
TZA,2009,equal,52.7,thin,22
TZA,2010,equal,52.95,reliable,20
TZA,2011,equal,52.62,reliable,22
TZA,2012,equal,52.59,reliable,25
TZA,2013,equal,52.44,thin,25
TZA,2014,equal,53.3,thin,25
TZA,2015,equal,52.44,reliable,28
TZA,2016,equal,53.09,reliable,25
TZA,2017,equal,52.73,reliable,28
TZA,2018,equal,52.79,reliable,28
TZA,2019,equal,53.23,thin,29
TZA,2020,equal,53.38,reliable,27
TZA,2021,equal,54.35,thin,28
TZA,2022,equal,54.83,thin,24
TZA,2023,equal,55.12,thin,23
TZA,2024,equal,56.23,unreliable,
UGA,2000,equal,44.38,thin,28
UGA,2001,equal,45.12,unreliable,
UGA,2002,equal,46.42,thin,26
UGA,2003,equal,47.66,thin,27
UGA,2004,equal,50.09,thin,20
UGA,2005,equal,50.17,thin,23
UGA,2006,equal,52.24,thin,22
UGA,2007,equal,52.53,thin,22
UGA,2008,equal,53.26,thin,21
UGA,2009,equal,52.25,reliable,23
UGA,2010,equal,52.79,reliable,21
UGA,2011,equal,52.64,reliable,21
UGA,2012,equal,56.16,reliable,16
UGA,2013,equal,56.34,reliable,16
UGA,2014,equal,56.16,reliable,16
UGA,2015,equal,56.5,reliable,16
UGA,2016,equal,53.66,reliable,23
UGA,2017,equal,54.58,thin,22
UGA,2018,equal,54.67,reliable,26
UGA,2019,equal,54.31,reliable,26
UGA,2020,equal,54.78,reliable,24
UGA,2021,equal,56.37,reliable,21
UGA,2022,equal,57.6,reliable,19
UGA,2023,equal,57.28,thin,20
UGA,2024,equal,57.75,unreliable,
ZAF,2000,equal,62.71,reliable,7
ZAF,2001,equal,62.82,thin,4
ZAF,2002,equal,62.85,reliable,7
ZAF,2003,equal,63.23,reliable,5
ZAF,2004,equal,64.26,reliable,5
ZAF,2005,equal,65.13,reliable,5
ZAF,2006,equal,63.93,thin,7
ZAF,2007,equal,64.21,reliable,7
ZAF,2008,equal,63.51,thin,7
ZAF,2009,equal,61.9,reliable,11
ZAF,2010,equal,62.11,reliable,10
ZAF,2011,equal,61.66,reliable,10
ZAF,2012,equal,62.65,thin,10
ZAF,2013,equal,63.13,reliable,10
ZAF,2014,equal,62.98,thin,10
ZAF,2015,equal,62.9,reliable,10
ZAF,2016,equal,61.95,reliable,11
ZAF,2017,equal,61.48,reliable,11
ZAF,2018,equal,61.33,thin,11
ZAF,2019,equal,61.53,reliable,11
ZAF,2020,equal,61.66,reliable,11
ZAF,2021,equal,62.2,thin,12
ZAF,2022,equal,60.33,reliable,14
ZAF,2023,equal,61.74,reliable,13
ZAF,2024,equal,61.59,unreliable,
ZMB,2000,equal,45.25,thin,26
ZMB,2001,equal,45.99,unreliable,
ZMB,2002,equal,47.43,thin,23
ZMB,2003,equal,47.87,thin,25
ZMB,2004,equal,48.36,thin,29
ZMB,2005,equal,50.27,thin,22
ZMB,2006,equal,52.41,thin,20
ZMB,2007,equal,53.13,thin,20
ZMB,2008,equal,54.72,reliable,16
ZMB,2009,equal,54.31,reliable,18
ZMB,2010,equal,55.02,thin,17
ZMB,2011,equal,55.72,reliable,16
ZMB,2012,equal,55.94,reliable,17
ZMB,2013,equal,55.84,reliable,19
ZMB,2014,equal,55.33,reliable,21
ZMB,2015,equal,54.07,reliable,22
ZMB,2016,equal,52.69,thin,27
ZMB,2017,equal,52.39,thin,29
ZMB,2018,equal,51.55,thin,33
ZMB,2019,equal,51.02,thin,35
ZMB,2020,equal,50.24,thin,36
ZMB,2021,equal,52.73,thin,31
ZMB,2022,equal,53.54,thin,29
ZMB,2023,equal,54.46,thin,25
ZMB,2024,equal,57.05,unreliable,
ZWE,2000,equal,41.24,thin,38
ZWE,2001,equal,40.9,thin,13
ZWE,2002,equal,40.65,reliable,39
ZWE,2003,equal,41.93,reliable,38
ZWE,2004,equal,39.84,reliable,45
ZWE,2005,equal,38.53,reliable,48
ZWE,2006,equal,40.04,reliable,48
ZWE,2007,equal,40.12,thin,48
ZWE,2008,equal,39.09,thin,49
ZWE,2009,equal,40.1,thin,49
ZWE,2010,equal,43.66,reliable,43
ZWE,2011,equal,45.25,thin,42
ZWE,2012,equal,48.74,reliable,40
ZWE,2013,equal,48.76,thin,39
ZWE,2014,equal,48.2,thin,40
ZWE,2015,equal,47.22,thin,41
ZWE,2016,equal,47.14,thin,41
ZWE,2017,equal,47.51,thin,43
ZWE,2018,equal,47.14,reliable,44
ZWE,2019,equal,43.5,thin,47
ZWE,2020,equal,43.1,reliable,47
ZWE,2021,equal,44.84,reliable,44
ZWE,2022,equal,45.67,reliable,45
ZWE,2023,equal,45.98,thin,45
ZWE,2024,equal,48.49,unreliable,
AGO,2000,pca,27.02,thin,50
AGO,2001,pca,26.96,unreliable,
AGO,2002,pca,30.28,thin,47
AGO,2003,pca,31.28,thin,46
AGO,2004,pca,33.79,thin,47
AGO,2005,pca,35.48,thin,44
AGO,2006,pca,38.45,thin,47
AGO,2007,pca,38.78,thin,47
AGO,2008,pca,39.93,thin,44
AGO,2009,pca,40.2,thin,46
AGO,2010,pca,41.74,thin,43
AGO,2011,pca,39.54,thin,47
AGO,2012,pca,40.66,reliable,44
AGO,2013,pca,40.83,thin,46
AGO,2014,pca,40.1,thin,46
AGO,2015,pca,42.27,reliable,44
AGO,2016,pca,42.23,reliable,46
AGO,2017,pca,42.44,thin,46
AGO,2018,pca,42.07,thin,46
AGO,2019,pca,42.63,thin,45
AGO,2020,pca,41.53,thin,45
AGO,2021,pca,41.61,thin,46
AGO,2022,pca,43.6,thin,45
AGO,2023,pca,45.23,thin,41
AGO,2024,pca,47.38,unreliable,
BDI,2000,pca,27.55,thin,48
BDI,2001,pca,28.12,unreliable,
BDI,2002,pca,30.27,thin,48
BDI,2003,pca,30.76,thin,47
BDI,2004,pca,32.3,thin,48
BDI,2005,pca,35.17,thin,47
BDI,2006,pca,38.92,thin,42
BDI,2007,pca,39.24,thin,45
BDI,2008,pca,39.31,thin,46
BDI,2009,pca,39.95,reliable,47
BDI,2010,pca,39.57,reliable,48
BDI,2011,pca,40.05,thin,46
BDI,2012,pca,39.29,thin,47
BDI,2013,pca,41.97,reliable,45
BDI,2014,pca,42.86,reliable,44
BDI,2015,pca,41.05,reliable,48
BDI,2016,pca,39.69,reliable,47
BDI,2017,pca,40.21,reliable,49
BDI,2018,pca,40.99,reliable,48
BDI,2019,pca,40.53,thin,48
BDI,2020,pca,41.49,thin,46
BDI,2021,pca,42.16,reliable,45
BDI,2022,pca,43.58,reliable,46
BDI,2023,pca,43.85,thin,46
BDI,2024,pca,43.89,unreliable,
BEN,2000,pca,44.87,thin,21
BEN,2001,pca,44.98,thin,9
BEN,2002,pca,44.75,thin,22
BEN,2003,pca,45.41,thin,22
BEN,2004,pca,46.46,thin,21
BEN,2005,pca,45.96,thin,24
BEN,2006,pca,48.62,thin,20
BEN,2007,pca,49.37,thin,20
BEN,2008,pca,49.7,thin,20
BEN,2009,pca,51.13,thin,19
BEN,2010,pca,51.9,thin,18
BEN,2011,pca,50.95,thin,19
BEN,2012,pca,51.43,thin,19
BEN,2013,pca,51.98,thin,19
BEN,2014,pca,51.77,thin,21
BEN,2015,pca,52.75,thin,20
BEN,2016,pca,52.91,thin,21
BEN,2017,pca,54.37,thin,20
BEN,2018,pca,56.69,reliable,17
BEN,2019,pca,57.67,thin,14
BEN,2020,pca,58.21,reliable,14
BEN,2021,pca,57.45,thin,15
BEN,2022,pca,58.29,reliable,16
BEN,2023,pca,57.45,thin,17
BEN,2024,pca,57.31,unreliable,
BFA,2000,pca,39.57,thin,30
BFA,2001,pca,39.84,thin,11
BFA,2002,pca,41.31,reliable,29
BFA,2003,pca,43.52,reliable,25
BFA,2004,pca,44.16,reliable,28
BFA,2005,pca,45.67,reliable,26
BFA,2006,pca,46.63,reliable,27
BFA,2007,pca,48.09,reliable,23
BFA,2008,pca,48.63,reliable,24
BFA,2009,pca,48.39,reliable,26
BFA,2010,pca,48.52,reliable,26
BFA,2011,pca,48.84,reliable,27
BFA,2012,pca,49.5,reliable,27
BFA,2013,pca,49.42,reliable,29
BFA,2014,pca,49.62,reliable,28
BFA,2015,pca,50.67,reliable,23
BFA,2016,pca,52.62,reliable,22
BFA,2017,pca,54.62,reliable,19
BFA,2018,pca,54.61,reliable,20
BFA,2019,pca,52.69,reliable,24
BFA,2020,pca,51.45,reliable,24
BFA,2021,pca,53.25,thin,23
BFA,2022,pca,51.21,reliable,29
BFA,2023,pca,49.47,thin,32
BFA,2024,pca,49.85,unreliable,
BWA,2000,pca,68.87,thin,5
BWA,2001,pca,70.24,unreliable,
BWA,2002,pca,68.05,reliable,5
BWA,2003,pca,71.09,reliable,4
BWA,2004,pca,69.97,thin,5
BWA,2005,pca,70.79,thin,5
BWA,2006,pca,70.58,thin,5
BWA,2007,pca,71.85,thin,4
BWA,2008,pca,74.3,thin,4
BWA,2009,pca,70.22,reliable,6
BWA,2010,pca,71.22,reliable,4
BWA,2011,pca,71.79,thin,4
BWA,2012,pca,73.86,thin,4
BWA,2013,pca,74.51,thin,2
BWA,2014,pca,73.87,thin,3
BWA,2015,pca,72.55,thin,4
BWA,2016,pca,71.59,thin,4
BWA,2017,pca,71.16,thin,5
BWA,2018,pca,72.12,thin,5
BWA,2019,pca,72.75,thin,5
BWA,2020,pca,70.51,reliable,7
BWA,2021,pca,72.5,thin,4
BWA,2022,pca,72.06,thin,5
BWA,2023,pca,72.43,thin,5
BWA,2024,pca,71.77,unreliable,
CAF,2000,pca,31.5,thin,43
CAF,2001,pca,29.37,unreliable,
CAF,2002,pca,29.28,thin,49
CAF,2003,pca,26.77,thin,51
CAF,2004,pca,28.84,thin,51
CAF,2005,pca,28.57,thin,51
CAF,2006,pca,29.35,thin,50
CAF,2007,pca,30.87,thin,50
CAF,2008,pca,29.17,thin,50
CAF,2009,pca,27.2,reliable,52
CAF,2010,pca,30.18,reliable,52
CAF,2011,pca,30.5,reliable,52
CAF,2012,pca,30.45,reliable,52
CAF,2013,pca,24.52,reliable,53
CAF,2014,pca,23.03,reliable,53
CAF,2015,pca,25.77,reliable,53
CAF,2016,pca,27.3,thin,52
CAF,2017,pca,27.86,thin,53
CAF,2018,pca,28.88,reliable,53
CAF,2019,pca,26.88,reliable,52
CAF,2020,pca,27.06,reliable,52
CAF,2021,pca,25.13,reliable,53
CAF,2022,pca,25.05,reliable,53
CAF,2023,pca,30.68,thin,52
CAF,2024,pca,30.66,unreliable,
CIV,2000,pca,37.1,thin,36
CIV,2001,pca,37.05,unreliable,
CIV,2002,pca,33.89,thin,41
CIV,2003,pca,36.7,thin,41
CIV,2004,pca,34.99,thin,44
CIV,2005,pca,35.52,thin,43
CIV,2006,pca,38.77,thin,43
CIV,2007,pca,39.08,thin,46
CIV,2008,pca,40.54,thin,41
CIV,2009,pca,43.46,reliable,38
CIV,2010,pca,42.44,reliable,40
CIV,2011,pca,42.49,reliable,42
CIV,2012,pca,45.87,reliable,36
CIV,2013,pca,48.3,thin,32
CIV,2014,pca,49.94,reliable,26
CIV,2015,pca,53.48,thin,19
CIV,2016,pca,53.38,reliable,19
CIV,2017,pca,53.93,reliable,22
CIV,2018,pca,54.13,reliable,22
CIV,2019,pca,54.8,reliable,21
CIV,2020,pca,54.23,reliable,20
CIV,2021,pca,55.1,thin,18
CIV,2022,pca,56.16,reliable,18
CIV,2023,pca,56.33,thin,19
CIV,2024,pca,56.05,unreliable,
CMR,2000,pca,42.39,thin,23
CMR,2001,pca,42.59,unreliable,
CMR,2002,pca,39.94,thin,33
CMR,2003,pca,42.22,thin,28
CMR,2004,pca,43.79,thin,30
CMR,2005,pca,43.21,thin,30
CMR,2006,pca,44.62,thin,33
CMR,2007,pca,44.14,thin,35
CMR,2008,pca,44.6,thin,32
CMR,2009,pca,44.37,thin,34
CMR,2010,pca,44.29,thin,36
CMR,2011,pca,46.62,thin,31
CMR,2012,pca,45.77,thin,37
CMR,2013,pca,47.14,thin,35
CMR,2014,pca,48.58,reliable,32
CMR,2015,pca,48.34,reliable,31
CMR,2016,pca,48.37,reliable,28
CMR,2017,pca,47.25,reliable,36
CMR,2018,pca,46.41,thin,38
CMR,2019,pca,45.98,thin,39
CMR,2020,pca,47.17,reliable,35
CMR,2021,pca,46.76,reliable,37
CMR,2022,pca,46.92,reliable,37
CMR,2023,pca,46.64,thin,39
CMR,2024,pca,46.31,unreliable,
COD,2000,pca,16.72,thin,53
COD,2001,pca,16.97,unreliable,
COD,2002,pca,17.35,thin,53
COD,2003,pca,20.34,thin,53
COD,2004,pca,23.18,thin,53
COD,2005,pca,25.63,thin,53
COD,2006,pca,27.91,thin,52
COD,2007,pca,28.63,thin,51
COD,2008,pca,28.51,thin,51
COD,2009,pca,29.69,reliable,50
COD,2010,pca,30.61,reliable,51
COD,2011,pca,30.52,reliable,51
COD,2012,pca,31.15,thin,51
COD,2013,pca,33.48,thin,51
COD,2014,pca,32.95,reliable,52
COD,2015,pca,34.8,reliable,50
COD,2016,pca,34.13,reliable,49
COD,2017,pca,33.06,reliable,50
COD,2018,pca,33.48,reliable,50
COD,2019,pca,32.55,reliable,50
COD,2020,pca,32.5,reliable,50
COD,2021,pca,32.98,reliable,49
COD,2022,pca,33.38,reliable,49
COD,2023,pca,33.33,thin,49
COD,2024,pca,33.31,unreliable,
COG,2000,pca,39.68,thin,29
COG,2001,pca,40.64,unreliable,
COG,2002,pca,41.29,thin,30
COG,2003,pca,41.82,thin,30
COG,2004,pca,44.15,thin,29
COG,2005,pca,41.47,thin,36
COG,2006,pca,43.54,thin,35
COG,2007,pca,42.73,thin,36
COG,2008,pca,42.0,thin,38
COG,2009,pca,45.13,reliable,32
COG,2010,pca,47.32,reliable,28
COG,2011,pca,50.61,reliable,22
COG,2012,pca,50.01,thin,23
COG,2013,pca,51.64,reliable,20
COG,2014,pca,50.61,reliable,24
COG,2015,pca,50.2,reliable,25
COG,2016,pca,48.2,reliable,30
COG,2017,pca,47.95,reliable,32
COG,2018,pca,46.88,reliable,37
COG,2019,pca,46.02,reliable,38
COG,2020,pca,46.31,reliable,37
COG,2021,pca,46.88,reliable,36
COG,2022,pca,50.36,reliable,31
COG,2023,pca,50.21,thin,31
COG,2024,pca,50.03,unreliable,
COM,2000,pca,44.45,thin,22
COM,2001,pca,45.45,unreliable,
COM,2002,pca,51.38,thin,16
COM,2003,pca,48.68,thin,20
COM,2004,pca,45.2,thin,25
COM,2005,pca,45.2,thin,27
COM,2006,pca,46.08,thin,30
COM,2007,pca,44.16,thin,34
COM,2008,pca,42.7,thin,35
COM,2009,pca,44.11,thin,36
COM,2010,pca,49.77,thin,23
COM,2011,pca,48.85,thin,26
COM,2012,pca,51.21,thin,20
COM,2013,pca,51.53,thin,21
COM,2014,pca,53.67,thin,17
COM,2015,pca,54.24,thin,17
COM,2016,pca,54.26,thin,17
COM,2017,pca,54.67,thin,18
COM,2018,pca,55.17,thin,19
COM,2019,pca,53.74,thin,23
COM,2020,pca,50.88,thin,27
COM,2021,pca,50.87,thin,28
COM,2022,pca,51.37,thin,27
COM,2023,pca,52.39,thin,25
COM,2024,pca,55.72,unreliable,
CPV,2000,pca,68.17,thin,6
CPV,2001,pca,67.75,unreliable,
CPV,2002,pca,67.07,thin,7
CPV,2003,pca,64.43,thin,7
CPV,2004,pca,64.74,thin,8
CPV,2005,pca,66.19,thin,8
CPV,2006,pca,68.82,thin,7
CPV,2007,pca,70.81,thin,6
CPV,2008,pca,71.47,thin,6
CPV,2009,pca,72.38,thin,4
CPV,2010,pca,71.22,thin,4
CPV,2011,pca,71.7,thin,5
CPV,2012,pca,72.26,thin,5
CPV,2013,pca,71.23,thin,5
CPV,2014,pca,69.46,thin,5
CPV,2015,pca,71.07,reliable,5
CPV,2016,pca,71.05,reliable,5
CPV,2017,pca,72.59,reliable,4
CPV,2018,pca,73.9,reliable,4
CPV,2019,pca,76.84,thin,3
CPV,2020,pca,73.98,reliable,3
CPV,2021,pca,74.23,thin,3
CPV,2022,pca,75.32,thin,3
CPV,2023,pca,77.04,thin,3
CPV,2024,pca,77.5,unreliable,
DJI,2000,pca,40.15,thin,27
DJI,2001,pca,41.39,unreliable,
DJI,2002,pca,41.52,thin,27
DJI,2003,pca,41.44,thin,33
DJI,2004,pca,43.64,thin,31
DJI,2005,pca,42.18,thin,34
DJI,2006,pca,43.52,thin,36
DJI,2007,pca,45.69,thin,31
DJI,2008,pca,48.7,thin,23
DJI,2009,pca,49.42,thin,23
DJI,2010,pca,49.52,thin,24
DJI,2011,pca,49.33,thin,25
DJI,2012,pca,48.66,thin,29
DJI,2013,pca,48.91,thin,31
DJI,2014,pca,49.4,thin,29
DJI,2015,pca,48.22,thin,32
DJI,2016,pca,48.26,thin,29
DJI,2017,pca,48.36,thin,30
DJI,2018,pca,49.41,thin,30
DJI,2019,pca,50.92,thin,27
DJI,2020,pca,50.93,thin,26
DJI,2021,pca,51.46,thin,26
DJI,2022,pca,52.03,thin,26
DJI,2023,pca,51.99,thin,26
DJI,2024,pca,53.34,unreliable,
DZA,2000,pca,56.37,thin,13
DZA,2001,pca,56.64,unreliable,
DZA,2002,pca,60.75,thin,11
DZA,2003,pca,61.44,thin,9
DZA,2004,pca,65.31,thin,7
DZA,2005,pca,66.66,thin,7
DZA,2006,pca,67.14,reliable,8
DZA,2007,pca,67.56,reliable,8
DZA,2008,pca,67.48,reliable,8
DZA,2009,pca,66.65,thin,7
DZA,2010,pca,66.7,thin,9
DZA,2011,pca,66.79,thin,8
DZA,2012,pca,67.36,thin,9
DZA,2013,pca,68.98,reliable,7
DZA,2014,pca,67.05,reliable,10
DZA,2015,pca,67.57,thin,10
DZA,2016,pca,69.61,thin,8
DZA,2017,pca,70.07,thin,8
DZA,2018,pca,70.95,thin,7
DZA,2019,pca,70.18,reliable,8
DZA,2020,pca,69.13,reliable,8
DZA,2021,pca,68.93,reliable,8
DZA,2022,pca,67.24,reliable,9
DZA,2023,pca,67.99,reliable,9
DZA,2024,pca,66.39,unreliable,
EGY,2000,pca,69.45,thin,4
EGY,2001,pca,69.77,unreliable,
EGY,2002,pca,68.62,thin,4
EGY,2003,pca,70.21,thin,5
EGY,2004,pca,71.29,reliable,4
EGY,2005,pca,71.36,reliable,4
EGY,2006,pca,71.69,reliable,4
EGY,2007,pca,71.81,thin,5
EGY,2008,pca,72.4,reliable,5
EGY,2009,pca,72.62,reliable,3
EGY,2010,pca,70.34,reliable,6
EGY,2011,pca,67.67,reliable,7
EGY,2012,pca,68.72,reliable,7
EGY,2013,pca,67.56,thin,9
EGY,2014,pca,68.02,reliable,8
EGY,2015,pca,69.32,reliable,6
EGY,2016,pca,69.67,reliable,7
EGY,2017,pca,70.12,reliable,7
EGY,2018,pca,70.01,reliable,8
EGY,2019,pca,70.6,reliable,7
EGY,2020,pca,70.56,reliable,6
EGY,2021,pca,71.54,thin,6
EGY,2022,pca,72.58,thin,4
EGY,2023,pca,71.89,thin,6
EGY,2024,pca,70.64,unreliable,
ERI,2000,pca,37.79,thin,35
ERI,2001,pca,39.01,thin,12
ERI,2002,pca,41.21,thin,31
ERI,2003,pca,41.51,thin,32
ERI,2004,pca,39.92,thin,37
ERI,2005,pca,40.22,thin,37
ERI,2006,pca,40.09,thin,40
ERI,2007,pca,39.72,thin,43
ERI,2008,pca,38.95,thin,47
ERI,2009,pca,40.3,thin,45
ERI,2010,pca,40.32,thin,47
ERI,2011,pca,41.28,thin,45
ERI,2012,pca,40.42,thin,45
ERI,2013,pca,43.28,thin,43
ERI,2014,pca,43.9,thin,42
ERI,2015,pca,42.27,thin,44
ERI,2016,pca,41.59,unreliable,
ERI,2017,pca,40.62,thin,47
ERI,2018,pca,41.04,thin,47
ERI,2019,pca,40.49,unreliable,
ERI,2020,pca,36.36,unreliable,
ERI,2021,pca,37.78,unreliable,
ERI,2022,pca,38.69,unreliable,
ERI,2023,pca,38.82,unreliable,
ERI,2024,pca,39.72,unreliable,
ETH,2000,pca,30.77,thin,44
ETH,2001,pca,31.69,thin,15
ETH,2002,pca,31.7,thin,44
ETH,2003,pca,30.71,thin,48
ETH,2004,pca,33.99,thin,46
ETH,2005,pca,35.37,thin,46
ETH,2006,pca,38.63,thin,45
ETH,2007,pca,39.56,thin,44
ETH,2008,pca,40.04,thin,43
ETH,2009,pca,41.98,thin,41
ETH,2010,pca,42.61,thin,39
ETH,2011,pca,42.61,reliable,41
ETH,2012,pca,43.16,thin,41
ETH,2013,pca,44.87,thin,39
ETH,2014,pca,46.2,reliable,36
ETH,2015,pca,46.22,reliable,38
ETH,2016,pca,47.63,reliable,33
ETH,2017,pca,46.87,reliable,37
ETH,2018,pca,47.64,reliable,33
ETH,2019,pca,48.45,reliable,33
ETH,2020,pca,47.08,reliable,36
ETH,2021,pca,46.07,reliable,38
ETH,2022,pca,46.1,reliable,39
ETH,2023,pca,45.01,thin,43
ETH,2024,pca,45.73,unreliable,
GAB,2000,pca,57.83,thin,12
GAB,2001,pca,58.35,unreliable,
GAB,2002,pca,58.84,thin,12
GAB,2003,pca,55.92,thin,13
GAB,2004,pca,54.2,thin,13
GAB,2005,pca,55.62,thin,13
GAB,2006,pca,55.04,thin,14
GAB,2007,pca,55.22,thin,14
GAB,2008,pca,53.84,thin,14
GAB,2009,pca,51.53,thin,18
GAB,2010,pca,53.44,thin,15
GAB,2011,pca,55.23,thin,15
GAB,2012,pca,54.03,thin,16
GAB,2013,pca,54.97,thin,15
GAB,2014,pca,52.57,thin,20
GAB,2015,pca,52.7,thin,21
GAB,2016,pca,51.95,thin,23
GAB,2017,pca,54.22,thin,21
GAB,2018,pca,53.54,thin,23
GAB,2019,pca,55.65,thin,19
GAB,2020,pca,55.19,thin,17
GAB,2021,pca,56.91,thin,16
GAB,2022,pca,58.35,thin,15
GAB,2023,pca,55.62,thin,20
GAB,2024,pca,57.99,unreliable,
GHA,2000,pca,51.33,thin,14
GHA,2001,pca,51.89,thin,6
GHA,2002,pca,52.02,reliable,14
GHA,2003,pca,51.04,reliable,14
GHA,2004,pca,52.12,reliable,14
GHA,2005,pca,53.0,reliable,14
GHA,2006,pca,56.71,reliable,13
GHA,2007,pca,57.67,reliable,13
GHA,2008,pca,58.29,reliable,13
GHA,2009,pca,58.54,reliable,13
GHA,2010,pca,59.83,reliable,12
GHA,2011,pca,64.21,thin,11
GHA,2012,pca,66.67,thin,10
GHA,2013,pca,67.55,reliable,10
GHA,2014,pca,65.92,reliable,11
GHA,2015,pca,66.23,reliable,11
GHA,2016,pca,63.24,reliable,12
GHA,2017,pca,64.29,reliable,12
GHA,2018,pca,66.01,reliable,11
GHA,2019,pca,66.92,reliable,10
GHA,2020,pca,67.31,thin,9
GHA,2021,pca,66.7,reliable,11
GHA,2022,pca,67.06,reliable,10
GHA,2023,pca,66.8,thin,12
GHA,2024,pca,66.92,unreliable,
GIN,2000,pca,27.87,thin,47
GIN,2001,pca,28.6,thin,16
GIN,2002,pca,30.68,thin,45
GIN,2003,pca,33.95,thin,45
GIN,2004,pca,35.41,thin,43
GIN,2005,pca,33.6,thin,48
GIN,2006,pca,31.87,thin,49
GIN,2007,pca,31.7,thin,49
GIN,2008,pca,32.3,thin,49
GIN,2009,pca,34.37,thin,49
GIN,2010,pca,35.26,thin,49
GIN,2011,pca,37.71,thin,49
GIN,2012,pca,37.91,thin,49
GIN,2013,pca,38.36,thin,48
GIN,2014,pca,39.69,thin,48
GIN,2015,pca,42.01,thin,46
GIN,2016,pca,42.8,thin,45
GIN,2017,pca,43.65,thin,44
GIN,2018,pca,45.82,thin,39
GIN,2019,pca,46.41,thin,37
GIN,2020,pca,45.74,thin,39
GIN,2021,pca,45.26,thin,40
GIN,2022,pca,45.56,thin,40
GIN,2023,pca,45.84,thin,40
GIN,2024,pca,46.24,unreliable,
GMB,2000,pca,47.12,thin,19
GMB,2001,pca,47.64,unreliable,
GMB,2002,pca,48.14,thin,19
GMB,2003,pca,49.33,thin,17
GMB,2004,pca,47.29,thin,17
GMB,2005,pca,45.94,thin,25
GMB,2006,pca,46.39,thin,29
GMB,2007,pca,47.43,thin,26
GMB,2008,pca,48.98,thin,22
GMB,2009,pca,51.66,thin,17
GMB,2010,pca,50.75,thin,20
GMB,2011,pca,50.24,thin,23
GMB,2012,pca,50.01,thin,23
GMB,2013,pca,49.33,thin,30
GMB,2014,pca,48.91,thin,30
GMB,2015,pca,49.32,thin,28
GMB,2016,pca,47.71,thin,32
GMB,2017,pca,51.29,thin,25
GMB,2018,pca,53.1,thin,24
GMB,2019,pca,54.06,thin,22
GMB,2020,pca,53.89,thin,21
GMB,2021,pca,54.36,thin,21
GMB,2022,pca,56.05,reliable,19
GMB,2023,pca,56.51,thin,18
GMB,2024,pca,56.72,unreliable,
GNB,2000,pca,30.56,thin,45
GNB,2001,pca,33.26,unreliable,
GNB,2002,pca,34.23,thin,40
GNB,2003,pca,34.83,thin,43
GNB,2004,pca,34.46,thin,45
GNB,2005,pca,35.47,thin,45
GNB,2006,pca,40.34,thin,39
GNB,2007,pca,40.71,thin,40
GNB,2008,pca,39.79,thin,45
GNB,2009,pca,40.91,thin,42
GNB,2010,pca,40.7,thin,44
GNB,2011,pca,41.42,thin,44
GNB,2012,pca,39.82,thin,46
GNB,2013,pca,39.3,thin,47
GNB,2014,pca,39.1,thin,49
GNB,2015,pca,41.42,thin,47
GNB,2016,pca,42.85,reliable,44
GNB,2017,pca,45.03,reliable,40
GNB,2018,pca,47.52,thin,34
GNB,2019,pca,48.47,thin,32
GNB,2020,pca,49.29,thin,31
GNB,2021,pca,49.31,thin,33
GNB,2022,pca,49.26,thin,34
GNB,2023,pca,48.38,thin,33
GNB,2024,pca,48.27,unreliable,
GNQ,2000,pca,40.17,thin,26
GNQ,2001,pca,42.21,unreliable,
GNQ,2002,pca,42.57,thin,24
GNQ,2003,pca,42.94,thin,26
GNQ,2004,pca,42.81,thin,32
GNQ,2005,pca,42.6,thin,32
GNQ,2006,pca,44.68,thin,32
GNQ,2007,pca,44.86,thin,32
GNQ,2008,pca,44.02,thin,33
GNQ,2009,pca,44.18,thin,35
GNQ,2010,pca,43.22,thin,37
GNQ,2011,pca,42.43,thin,43
GNQ,2012,pca,42.02,thin,43
GNQ,2013,pca,42.08,thin,44
GNQ,2014,pca,40.29,thin,45
GNQ,2015,pca,39.37,thin,49
GNQ,2016,pca,39.59,thin,48
GNQ,2017,pca,40.58,thin,48
GNQ,2018,pca,40.46,thin,49
GNQ,2019,pca,40.73,thin,47
GNQ,2020,pca,40.41,thin,48
GNQ,2021,pca,41.25,thin,48
GNQ,2022,pca,43.05,thin,47
GNQ,2023,pca,42.47,thin,47
GNQ,2024,pca,42.96,unreliable,
KEN,2000,pca,41.43,thin,24
KEN,2001,pca,41.58,unreliable,
KEN,2002,pca,42.42,thin,26
KEN,2003,pca,44.76,thin,23
KEN,2004,pca,47.26,thin,18
KEN,2005,pca,47.72,thin,20
KEN,2006,pca,47.57,thin,22
KEN,2007,pca,47.38,thin,27
KEN,2008,pca,46.06,thin,30
KEN,2009,pca,45.92,thin,30
KEN,2010,pca,47.81,thin,27
KEN,2011,pca,48.33,reliable,28
KEN,2012,pca,49.41,reliable,28
KEN,2013,pca,50.71,reliable,24
KEN,2014,pca,52.67,thin,19
KEN,2015,pca,52.04,reliable,22
KEN,2016,pca,53.59,reliable,18
KEN,2017,pca,53.87,reliable,23
KEN,2018,pca,54.59,reliable,21
KEN,2019,pca,54.96,reliable,20
KEN,2020,pca,54.77,reliable,19
KEN,2021,pca,55.81,reliable,17
KEN,2022,pca,57.85,reliable,17
KEN,2023,pca,57.9,reliable,15
KEN,2024,pca,58.26,unreliable,
LBR,2000,pca,29.17,thin,46
LBR,2001,pca,29.55,unreliable,
LBR,2002,pca,28.71,thin,50
LBR,2003,pca,27.96,thin,49
LBR,2004,pca,31.39,thin,49
LBR,2005,pca,33.38,thin,49
LBR,2006,pca,40.38,thin,38
LBR,2007,pca,41.52,reliable,38
LBR,2008,pca,42.09,reliable,37
LBR,2009,pca,43.45,reliable,39
LBR,2010,pca,45.78,reliable,32
LBR,2011,pca,45.63,thin,33
LBR,2012,pca,47.47,reliable,32
LBR,2013,pca,45.94,reliable,36
LBR,2014,pca,43.83,reliable,43
LBR,2015,pca,42.9,thin,43
LBR,2016,pca,43.59,thin,42
LBR,2017,pca,45.01,thin,41
LBR,2018,pca,44.28,thin,44
LBR,2019,pca,43.42,thin,44
LBR,2020,pca,43.36,thin,42
LBR,2021,pca,44.16,thin,42
LBR,2022,pca,45.42,thin,41
LBR,2023,pca,47.6,thin,37
LBR,2024,pca,48.53,unreliable,
LBY,2000,pca,59.39,thin,11
LBY,2001,pca,59.58,unreliable,
LBY,2002,pca,58.73,thin,13
LBY,2003,pca,59.76,thin,12
LBY,2004,pca,62.92,thin,9
LBY,2005,pca,63.11,thin,9
LBY,2006,pca,62.74,thin,11
LBY,2007,pca,63.24,thin,11
LBY,2008,pca,63.27,thin,11
LBY,2009,pca,62.18,thin,11
LBY,2010,pca,59.75,thin,13
LBY,2011,pca,55.92,thin,13
LBY,2012,pca,63.16,thin,12
LBY,2013,pca,61.31,thin,13
LBY,2014,pca,58.59,thin,14
LBY,2015,pca,54.04,reliable,18
LBY,2016,pca,53.32,reliable,20
LBY,2017,pca,56.58,reliable,15
LBY,2018,pca,56.88,reliable,16
LBY,2019,pca,55.87,reliable,18
LBY,2020,pca,51.94,reliable,23
LBY,2021,pca,52.65,reliable,24
LBY,2022,pca,53.7,reliable,23
LBY,2023,pca,57.48,thin,16
LBY,2024,pca,54.74,unreliable,
LSO,2000,pca,47.14,thin,18
LSO,2001,pca,48.89,thin,7
LSO,2002,pca,47.75,thin,21
LSO,2003,pca,48.21,thin,21
LSO,2004,pca,46.29,thin,22
LSO,2005,pca,48.63,thin,18
LSO,2006,pca,47.22,thin,23
LSO,2007,pca,46.36,reliable,28
LSO,2008,pca,46.71,reliable,28
LSO,2009,pca,49.48,thin,22
LSO,2010,pca,47.07,thin,30
LSO,2011,pca,47.79,thin,29
LSO,2012,pca,48.32,thin,31
LSO,2013,pca,49.43,thin,28
LSO,2014,pca,48.84,thin,31
LSO,2015,pca,48.69,thin,30
LSO,2016,pca,50.68,thin,24
LSO,2017,pca,51.97,thin,24
LSO,2018,pca,52.59,thin,25
LSO,2019,pca,52.19,thin,25
LSO,2020,pca,51.19,thin,25
LSO,2021,pca,51.04,thin,27
LSO,2022,pca,53.23,thin,24
LSO,2023,pca,51.8,thin,27
LSO,2024,pca,52.39,unreliable,
MAR,2000,pca,61.82,thin,9
MAR,2001,pca,62.66,thin,5
MAR,2002,pca,62.88,thin,8
MAR,2003,pca,62.06,thin,8
MAR,2004,pca,62.59,reliable,10
MAR,2005,pca,60.87,reliable,12
MAR,2006,pca,63.59,reliable,10
MAR,2007,pca,64.91,reliable,9
MAR,2008,pca,64.93,reliable,10
MAR,2009,pca,66.27,reliable,9
MAR,2010,pca,69.63,reliable,7
MAR,2011,pca,69.35,reliable,6
MAR,2012,pca,70.81,reliable,6
MAR,2013,pca,70.04,thin,6
MAR,2014,pca,69.34,reliable,6
MAR,2015,pca,69.04,reliable,7
MAR,2016,pca,70.3,reliable,6
MAR,2017,pca,70.63,reliable,6
MAR,2018,pca,71.19,reliable,6
MAR,2019,pca,72.34,thin,6
MAR,2020,pca,71.16,thin,5
MAR,2021,pca,71.91,reliable,5
MAR,2022,pca,72.01,reliable,6
MAR,2023,pca,72.55,reliable,4
MAR,2024,pca,71.76,unreliable,
MDG,2000,pca,49.65,thin,15
MDG,2001,pca,49.59,unreliable,
MDG,2002,pca,48.57,thin,18
MDG,2003,pca,50.31,thin,15
MDG,2004,pca,49.4,thin,16
MDG,2005,pca,50.5,thin,16
MDG,2006,pca,51.34,thin,16
MDG,2007,pca,52.49,thin,16
MDG,2008,pca,50.43,thin,19
MDG,2009,pca,47.86,thin,27
MDG,2010,pca,45.0,thin,34
MDG,2011,pca,45.05,thin,36
MDG,2012,pca,46.3,thin,35
MDG,2013,pca,44.87,thin,39
MDG,2014,pca,46.15,thin,37
MDG,2015,pca,47.48,thin,35
MDG,2016,pca,48.88,thin,27
MDG,2017,pca,48.38,thin,29
MDG,2018,pca,52.14,reliable,26
MDG,2019,pca,50.75,thin,29
MDG,2020,pca,50.67,thin,28
MDG,2021,pca,50.61,reliable,29
MDG,2022,pca,50.46,thin,30
MDG,2023,pca,50.28,thin,30
MDG,2024,pca,50.51,unreliable,
MLI,2000,pca,38.11,thin,34
MLI,2001,pca,39.49,unreliable,
MLI,2002,pca,42.95,thin,23
MLI,2003,pca,44.16,thin,24
MLI,2004,pca,45.84,thin,24
MLI,2005,pca,45.99,thin,23
MLI,2006,pca,46.56,thin,28
MLI,2007,pca,47.9,thin,24
MLI,2008,pca,47.17,thin,26
MLI,2009,pca,47.28,thin,28
MLI,2010,pca,47.3,thin,29
MLI,2011,pca,47.42,thin,30
MLI,2012,pca,42.26,thin,42
MLI,2013,pca,43.75,thin,42
MLI,2014,pca,44.67,reliable,40
MLI,2015,pca,47.53,reliable,34
MLI,2016,pca,47.1,reliable,34
MLI,2017,pca,48.99,reliable,28
MLI,2018,pca,49.35,reliable,31
MLI,2019,pca,48.9,reliable,31
MLI,2020,pca,48.51,thin,32
MLI,2021,pca,48.49,reliable,34
MLI,2022,pca,47.78,reliable,36
MLI,2023,pca,47.83,thin,36
MLI,2024,pca,48.23,unreliable,
MOZ,2000,pca,35.34,thin,39
MOZ,2001,pca,36.63,thin,13
MOZ,2002,pca,37.64,reliable,37
MOZ,2003,pca,38.24,reliable,39
MOZ,2004,pca,39.75,reliable,38
MOZ,2005,pca,41.88,reliable,35
MOZ,2006,pca,43.86,reliable,34
MOZ,2007,pca,44.56,reliable,33
MOZ,2008,pca,44.8,reliable,31
MOZ,2009,pca,45.43,reliable,31
MOZ,2010,pca,44.54,reliable,35
MOZ,2011,pca,44.59,reliable,37
MOZ,2012,pca,46.48,thin,34
MOZ,2013,pca,45.84,thin,37
MOZ,2014,pca,45.06,thin,39
MOZ,2015,pca,44.54,thin,41
MOZ,2016,pca,44.94,thin,40
MOZ,2017,pca,43.62,reliable,45
MOZ,2018,pca,44.96,thin,42
MOZ,2019,pca,44.42,reliable,42
MOZ,2020,pca,42.32,thin,43
MOZ,2021,pca,43.8,reliable,43
MOZ,2022,pca,44.27,reliable,43
MOZ,2023,pca,43.9,thin,45
MOZ,2024,pca,43.86,unreliable,
MRT,2000,pca,45.74,thin,20
MRT,2001,pca,45.94,thin,8
MRT,2002,pca,48.09,thin,20
MRT,2003,pca,48.84,thin,19
MRT,2004,pca,45.97,thin,23
MRT,2005,pca,46.11,thin,22
MRT,2006,pca,48.32,thin,21
MRT,2007,pca,49.15,thin,21
MRT,2008,pca,46.53,thin,29
MRT,2009,pca,49.8,thin,21
MRT,2010,pca,52.38,thin,17
MRT,2011,pca,52.75,thin,16
MRT,2012,pca,52.55,thin,18
MRT,2013,pca,52.48,thin,18
MRT,2014,pca,53.09,thin,18
MRT,2015,pca,54.72,thin,15
MRT,2016,pca,54.55,thin,16
MRT,2017,pca,55.76,thin,17
MRT,2018,pca,57.18,reliable,15
MRT,2019,pca,57.52,reliable,15
MRT,2020,pca,55.08,thin,18
MRT,2021,pca,54.38,thin,20
MRT,2022,pca,54.95,thin,20
MRT,2023,pca,55.24,thin,21
MRT,2024,pca,56.23,unreliable,
MUS,2000,pca,81.87,thin,1
MUS,2001,pca,81.74,thin,1
MUS,2002,pca,82.8,thin,1
MUS,2003,pca,82.81,thin,1
MUS,2004,pca,82.43,thin,1
MUS,2005,pca,83.28,thin,1
MUS,2006,pca,84.21,thin,1
MUS,2007,pca,84.82,thin,1
MUS,2008,pca,84.06,thin,1
MUS,2009,pca,81.66,thin,1
MUS,2010,pca,80.1,thin,1
MUS,2011,pca,80.62,thin,1
MUS,2012,pca,83.0,thin,1
MUS,2013,pca,82.61,thin,1
MUS,2014,pca,83.67,thin,1
MUS,2015,pca,84.87,reliable,1
MUS,2016,pca,85.15,reliable,1
MUS,2017,pca,84.31,reliable,1
MUS,2018,pca,83.89,reliable,1
MUS,2019,pca,83.88,thin,1
MUS,2020,pca,82.36,reliable,1
MUS,2021,pca,81.5,reliable,1
MUS,2022,pca,81.84,reliable,1
MUS,2023,pca,83.37,thin,1
MUS,2024,pca,83.2,unreliable,
MWI,2000,pca,40.7,thin,25
MWI,2001,pca,39.54,unreliable,
MWI,2002,pca,38.48,thin,35
MWI,2003,pca,41.88,reliable,29
MWI,2004,pca,47.04,reliable,20
MWI,2005,pca,49.35,reliable,17
MWI,2006,pca,48.67,reliable,19
MWI,2007,pca,50.03,reliable,17
MWI,2008,pca,51.09,reliable,17
MWI,2009,pca,52.43,reliable,15
MWI,2010,pca,50.39,thin,21
MWI,2011,pca,50.62,thin,21
MWI,2012,pca,50.07,thin,22
MWI,2013,pca,50.87,thin,23
MWI,2014,pca,50.73,thin,23
MWI,2015,pca,47.79,thin,33
MWI,2016,pca,46.81,thin,36
MWI,2017,pca,47.78,thin,33
MWI,2018,pca,47.31,thin,35
MWI,2019,pca,47.4,thin,34
MWI,2020,pca,48.31,thin,33
MWI,2021,pca,50.39,thin,30
MWI,2022,pca,49.31,thin,33
MWI,2023,pca,48.21,thin,34
MWI,2024,pca,50.67,unreliable,
NAM,2000,pca,64.34,thin,8
NAM,2001,pca,64.83,thin,4
NAM,2002,pca,62.07,thin,9
NAM,2003,pca,60.13,thin,11
NAM,2004,pca,60.92,thin,11
NAM,2005,pca,61.77,thin,10
NAM,2006,pca,64.46,thin,9
NAM,2007,pca,64.73,thin,10
NAM,2008,pca,65.84,thin,9
NAM,2009,pca,65.56,reliable,10
NAM,2010,pca,64.61,reliable,10
NAM,2011,pca,64.33,reliable,10
NAM,2012,pca,66.44,reliable,11
NAM,2013,pca,67.41,thin,11
NAM,2014,pca,67.18,thin,9
NAM,2015,pca,68.26,thin,9
NAM,2016,pca,66.45,thin,10
NAM,2017,pca,66.69,thin,10
NAM,2018,pca,65.0,reliable,12
NAM,2019,pca,65.36,reliable,13
NAM,2020,pca,65.04,reliable,12
NAM,2021,pca,68.67,reliable,9
NAM,2022,pca,68.11,thin,8
NAM,2023,pca,68.66,thin,8
NAM,2024,pca,68.22,unreliable,
NER,2000,pca,32.74,thin,41
NER,2001,pca,32.28,thin,14
NER,2002,pca,33.6,thin,42
NER,2003,pca,36.34,thin,42
NER,2004,pca,37.18,thin,41
NER,2005,pca,37.82,thin,39
NER,2006,pca,38.7,thin,44
NER,2007,pca,40.34,thin,41
NER,2008,pca,40.53,thin,42
NER,2009,pca,40.9,reliable,43
NER,2010,pca,42.34,reliable,41
NER,2011,pca,43.03,reliable,40
NER,2012,pca,44.61,reliable,40
NER,2013,pca,44.74,thin,41
NER,2014,pca,45.53,reliable,38
NER,2015,pca,45.29,reliable,40
NER,2016,pca,45.19,thin,39
NER,2017,pca,45.62,reliable,38
NER,2018,pca,44.91,reliable,43
NER,2019,pca,45.95,reliable,40
NER,2020,pca,45.54,reliable,40
NER,2021,pca,45.95,reliable,39
NER,2022,pca,46.71,reliable,38
NER,2023,pca,47.28,thin,38
NER,2024,pca,46.99,unreliable,
NGA,2000,pca,32.01,thin,42
NGA,2001,pca,32.83,unreliable,
NGA,2002,pca,31.71,thin,43
NGA,2003,pca,37.3,thin,40
NGA,2004,pca,39.14,thin,39
NGA,2005,pca,38.76,thin,38
NGA,2006,pca,40.69,thin,37
NGA,2007,pca,42.41,thin,37
NGA,2008,pca,43.1,thin,34
NGA,2009,pca,44.66,thin,33
NGA,2010,pca,42.3,thin,42
NGA,2011,pca,44.23,thin,38
NGA,2012,pca,45.41,thin,39
NGA,2013,pca,44.89,thin,38
NGA,2014,pca,44.44,reliable,41
NGA,2015,pca,46.71,reliable,37
NGA,2016,pca,44.55,thin,41
NGA,2017,pca,43.97,reliable,43
NGA,2018,pca,45.19,reliable,41
NGA,2019,pca,45.39,reliable,41
NGA,2020,pca,44.73,reliable,41
NGA,2021,pca,44.26,reliable,41
NGA,2022,pca,44.31,reliable,42
NGA,2023,pca,45.15,thin,42
NGA,2024,pca,44.95,unreliable,
RWA,2000,pca,33.65,thin,40
RWA,2001,pca,34.4,unreliable,
RWA,2002,pca,37.23,thin,39
RWA,2003,pca,39.14,thin,37
RWA,2004,pca,42.17,thin,35
RWA,2005,pca,43.13,thin,31
RWA,2006,pca,47.16,reliable,24
RWA,2007,pca,48.48,reliable,22
RWA,2008,pca,50.61,reliable,18
RWA,2009,pca,49.82,thin,20
RWA,2010,pca,51.46,thin,19
RWA,2011,pca,51.67,thin,18
RWA,2012,pca,53.68,thin,17
RWA,2013,pca,54.09,reliable,17
RWA,2014,pca,55.1,thin,16
RWA,2015,pca,54.93,reliable,14
RWA,2016,pca,56.13,reliable,14
RWA,2017,pca,56.56,thin,16
RWA,2018,pca,57.2,reliable,14
RWA,2019,pca,56.85,reliable,17
RWA,2020,pca,56.75,reliable,15
RWA,2021,pca,58.84,thin,14
RWA,2022,pca,59.31,thin,14
RWA,2023,pca,60.13,thin,14
RWA,2024,pca,60.85,unreliable,
SDN,2000,pca,38.24,thin,33
SDN,2001,pca,38.05,unreliable,
SDN,2002,pca,41.36,thin,28
SDN,2003,pca,40.2,thin,34
SDN,2004,pca,44.8,thin,26
SDN,2005,pca,43.76,thin,29
SDN,2006,pca,46.84,thin,26
SDN,2007,pca,46.32,thin,29
SDN,2008,pca,41.54,thin,39
SDN,2009,pca,40.58,thin,44
SDN,2010,pca,40.45,thin,46
SDN,2011,pca,38.71,thin,48
SDN,2012,pca,38.24,thin,48
SDN,2013,pca,38.21,thin,49
SDN,2014,pca,40.09,thin,47
SDN,2015,pca,42.96,thin,42
SDN,2016,pca,43.11,thin,43
SDN,2017,pca,44.86,thin,42
SDN,2018,pca,43.75,reliable,45
SDN,2019,pca,44.22,reliable,43
SDN,2020,pca,41.98,reliable,44
SDN,2021,pca,41.61,reliable,46
SDN,2022,pca,40.66,reliable,48
SDN,2023,pca,39.7,thin,48
SDN,2024,pca,38.03,unreliable,
SEN,2000,pca,49.62,thin,17
SEN,2001,pca,50.06,unreliable,
SEN,2002,pca,51.78,thin,15
SEN,2003,pca,50.27,thin,16
SEN,2004,pca,51.66,thin,15
SEN,2005,pca,52.9,thin,15
SEN,2006,pca,53.01,thin,15
SEN,2007,pca,53.3,thin,15
SEN,2008,pca,53.81,thin,15
SEN,2009,pca,55.15,thin,14
SEN,2010,pca,54.8,thin,14
SEN,2011,pca,55.28,reliable,14
SEN,2012,pca,57.86,thin,14
SEN,2013,pca,58.02,reliable,14
SEN,2014,pca,59.19,reliable,13
SEN,2015,pca,62.12,reliable,13
SEN,2016,pca,62.98,thin,13
SEN,2017,pca,63.73,reliable,13
SEN,2018,pca,64.8,reliable,13
SEN,2019,pca,65.67,reliable,12
SEN,2020,pca,64.86,reliable,13
SEN,2021,pca,63.93,reliable,13
SEN,2022,pca,64.31,reliable,13
SEN,2023,pca,64.71,reliable,13
SEN,2024,pca,64.95,unreliable,
SLE,2000,pca,27.25,thin,49
SLE,2001,pca,25.17,unreliable,
SLE,2002,pca,30.47,thin,46
SLE,2003,pca,34.4,thin,44
SLE,2004,pca,39.01,reliable,40
SLE,2005,pca,37.38,reliable,40
SLE,2006,pca,38.47,reliable,46
SLE,2007,pca,40.17,reliable,42
SLE,2008,pca,41.05,reliable,40
SLE,2009,pca,42.13,reliable,40
SLE,2010,pca,42.8,reliable,38
SLE,2011,pca,45.43,reliable,34
SLE,2012,pca,48.46,thin,30
SLE,2013,pca,49.57,thin,27
SLE,2014,pca,48.12,thin,33
SLE,2015,pca,47.19,reliable,36
SLE,2016,pca,46.92,thin,35
SLE,2017,pca,47.47,thin,35
SLE,2018,pca,49.99,thin,29
SLE,2019,pca,49.72,reliable,30
SLE,2020,pca,49.77,reliable,30
SLE,2021,pca,50.06,reliable,31
SLE,2022,pca,49.26,thin,34
SLE,2023,pca,48.19,thin,35
SLE,2024,pca,48.61,unreliable,
SOM,2000,pca,22.79,thin,52
SOM,2001,pca,23.49,unreliable,
SOM,2002,pca,25.66,thin,52
SOM,2003,pca,24.67,thin,52
SOM,2004,pca,26.29,thin,52
SOM,2005,pca,27.3,thin,52
SOM,2006,pca,27.32,thin,53
SOM,2007,pca,23.33,thin,53
SOM,2008,pca,23.69,thin,53
SOM,2009,pca,24.57,thin,53
SOM,2010,pca,24.94,thin,53
SOM,2011,pca,22.52,thin,54
SOM,2012,pca,25.63,thin,53
SOM,2013,pca,32.32,reliable,52
SOM,2014,pca,33.81,reliable,50
SOM,2015,pca,34.16,reliable,51
SOM,2016,pca,33.16,reliable,50
SOM,2017,pca,32.78,reliable,51
SOM,2018,pca,30.96,reliable,52
SOM,2019,pca,30.47,reliable,51
SOM,2020,pca,29.27,reliable,51
SOM,2021,pca,30.15,reliable,51
SOM,2022,pca,30.43,reliable,51
SOM,2023,pca,31.86,thin,51
SOM,2024,pca,32.34,unreliable,
SSD,2000,pca,34.85,unreliable,
SSD,2001,pca,35.63,unreliable,
SSD,2002,pca,37.05,unreliable,
SSD,2003,pca,37.8,unreliable,
SSD,2004,pca,39.3,unreliable,
SSD,2005,pca,40.28,unreliable,
SSD,2006,pca,42.05,unreliable,
SSD,2007,pca,41.44,unreliable,
SSD,2008,pca,41.13,unreliable,
SSD,2009,pca,40.88,unreliable,
SSD,2010,pca,42.44,unreliable,
SSD,2011,pca,26.39,thin,53
SSD,2012,pca,23.67,thin,54
SSD,2013,pca,23.65,thin,54
SSD,2014,pca,19.7,thin,54
SSD,2015,pca,20.58,reliable,54
SSD,2016,pca,18.0,reliable,53
SSD,2017,pca,16.19,reliable,54
SSD,2018,pca,18.93,reliable,54
SSD,2019,pca,19.73,reliable,53
SSD,2020,pca,20.13,reliable,53
SSD,2021,pca,27.84,reliable,52
SSD,2022,pca,29.22,reliable,52
SSD,2023,pca,29.06,unreliable,
SSD,2024,pca,29.36,unreliable,
STP,2000,pca,61.02,thin,10
STP,2001,pca,61.97,unreliable,
STP,2002,pca,61.8,thin,10
STP,2003,pca,60.18,thin,10
STP,2004,pca,60.09,thin,12
STP,2005,pca,61.06,thin,11
STP,2006,pca,60.1,reliable,12
STP,2007,pca,60.71,reliable,12
STP,2008,pca,58.6,reliable,12
STP,2009,pca,59.87,reliable,12
STP,2010,pca,62.19,reliable,11
STP,2011,pca,62.47,thin,12
STP,2012,pca,62.85,thin,13
STP,2013,pca,63.9,thin,12
STP,2014,pca,65.7,thin,12
STP,2015,pca,66.16,thin,12
STP,2016,pca,65.24,thin,11
STP,2017,pca,65.22,thin,11
STP,2018,pca,66.27,thin,10
STP,2019,pca,66.7,thin,11
STP,2020,pca,65.88,thin,11
STP,2021,pca,65.92,thin,12
STP,2022,pca,65.29,thin,12
STP,2023,pca,67.41,thin,10
STP,2024,pca,66.01,unreliable,
SWZ,2000,pca,49.65,reliable,15
SWZ,2001,pca,49.29,unreliable,
SWZ,2002,pca,49.62,thin,17
SWZ,2003,pca,48.97,thin,18
SWZ,2004,pca,47.11,thin,19
SWZ,2005,pca,47.81,thin,19
SWZ,2006,pca,49.88,reliable,17
SWZ,2007,pca,49.96,thin,18
SWZ,2008,pca,51.91,reliable,16
SWZ,2009,pca,52.43,reliable,15
SWZ,2010,pca,52.64,reliable,16
SWZ,2011,pca,52.16,reliable,17
SWZ,2012,pca,54.05,reliable,15
SWZ,2013,pca,54.79,reliable,16
SWZ,2014,pca,55.23,reliable,15
SWZ,2015,pca,54.5,reliable,16
SWZ,2016,pca,55.42,thin,15
SWZ,2017,pca,57.3,reliable,14
SWZ,2018,pca,56.08,thin,18
SWZ,2019,pca,56.9,thin,16
SWZ,2020,pca,55.36,thin,16
SWZ,2021,pca,54.58,reliable,19
SWZ,2022,pca,53.89,thin,21
SWZ,2023,pca,53.53,thin,22
SWZ,2024,pca,53.85,unreliable,
SYC,2000,pca,80.83,thin,2
SYC,2001,pca,81.18,thin,2
SYC,2002,pca,81.9,thin,2
SYC,2003,pca,81.18,thin,2
SYC,2004,pca,75.11,reliable,2
SYC,2005,pca,76.41,thin,2
SYC,2006,pca,77.32,thin,2
SYC,2007,pca,79.01,reliable,2
SYC,2008,pca,75.08,reliable,3
SYC,2009,pca,71.97,reliable,5
SYC,2010,pca,74.78,reliable,2
SYC,2011,pca,72.64,thin,3
SYC,2012,pca,77.89,thin,2
SYC,2013,pca,73.28,reliable,4
SYC,2014,pca,74.45,reliable,2
SYC,2015,pca,79.19,reliable,2
SYC,2016,pca,79.56,reliable,2
SYC,2017,pca,79.19,reliable,2
SYC,2018,pca,80.94,reliable,2
SYC,2019,pca,81.15,reliable,2
SYC,2020,pca,80.56,reliable,2
SYC,2021,pca,80.89,reliable,2
SYC,2022,pca,80.89,thin,2
SYC,2023,pca,82.73,thin,2
SYC,2024,pca,82.3,unreliable,
TCD,2000,pca,26.97,thin,51
TCD,2001,pca,27.7,thin,17
TCD,2002,pca,27.39,thin,51
TCD,2003,pca,27.61,thin,50
TCD,2004,pca,30.03,thin,50
TCD,2005,pca,28.92,thin,50
TCD,2006,pca,28.31,thin,51
TCD,2007,pca,27.87,thin,52
TCD,2008,pca,25.94,thin,52
TCD,2009,pca,28.56,reliable,51
TCD,2010,pca,32.01,reliable,50
TCD,2011,pca,31.07,thin,50
TCD,2012,pca,33.18,reliable,50
TCD,2013,pca,33.5,thin,50
TCD,2014,pca,33.17,thin,51
TCD,2015,pca,32.74,reliable,52
TCD,2016,pca,30.26,reliable,51
TCD,2017,pca,31.8,reliable,52
TCD,2018,pca,31.9,reliable,51
TCD,2019,pca,32.65,reliable,49
TCD,2020,pca,32.62,reliable,49
TCD,2021,pca,32.43,reliable,50
TCD,2022,pca,32.32,reliable,50
TCD,2023,pca,31.93,thin,50
TCD,2024,pca,32.33,unreliable,
TGO,2000,pca,36.96,thin,37
TGO,2001,pca,37.71,unreliable,
TGO,2002,pca,37.28,thin,38
TGO,2003,pca,39.03,thin,38
TGO,2004,pca,39.96,thin,36
TGO,2005,pca,36.37,thin,41
TGO,2006,pca,39.24,thin,41
TGO,2007,pca,40.97,thin,39
TGO,2008,pca,42.5,thin,36
TGO,2009,pca,43.68,reliable,37
TGO,2010,pca,45.48,reliable,33
TGO,2011,pca,45.11,reliable,35
TGO,2012,pca,45.54,reliable,38
TGO,2013,pca,47.42,reliable,33
TGO,2014,pca,47.88,reliable,34
TGO,2015,pca,50.31,thin,24
TGO,2016,pca,50.49,reliable,25
TGO,2017,pca,50.42,thin,26
TGO,2018,pca,50.7,thin,27
TGO,2019,pca,52.12,thin,26
TGO,2020,pca,52.58,thin,22
TGO,2021,pca,53.71,thin,22
TGO,2022,pca,53.86,reliable,22
TGO,2023,pca,53.35,thin,23
TGO,2024,pca,53.26,unreliable,
TUN,2000,pca,74.68,thin,3
TUN,2001,pca,75.2,unreliable,
TUN,2002,pca,75.34,thin,3
TUN,2003,pca,73.44,thin,3
TUN,2004,pca,74.85,thin,3
TUN,2005,pca,74.43,thin,3
TUN,2006,pca,76.8,thin,3
TUN,2007,pca,77.01,reliable,3
TUN,2008,pca,76.64,reliable,2
TUN,2009,pca,75.79,thin,2
TUN,2010,pca,73.32,reliable,3
TUN,2011,pca,74.24,thin,2
TUN,2012,pca,74.45,thin,3
TUN,2013,pca,73.59,thin,3
TUN,2014,pca,73.3,thin,4
TUN,2015,pca,73.38,thin,3
TUN,2016,pca,73.02,thin,3
TUN,2017,pca,74.77,thin,3
TUN,2018,pca,75.75,thin,3
TUN,2019,pca,73.73,reliable,4
TUN,2020,pca,72.85,reliable,4
TUN,2021,pca,70.83,thin,7
TUN,2022,pca,70.09,thin,7
TUN,2023,pca,70.29,thin,7
TUN,2024,pca,69.09,unreliable,
TZA,2000,pca,39.06,thin,31
TZA,2001,pca,40.07,unreliable,
TZA,2002,pca,42.55,thin,25
TZA,2003,pca,42.55,reliable,27
TZA,2004,pca,44.62,reliable,27
TZA,2005,pca,46.59,thin,21
TZA,2006,pca,48.7,thin,18
TZA,2007,pca,49.57,thin,19
TZA,2008,pca,48.44,thin,25
TZA,2009,pca,48.66,thin,25
TZA,2010,pca,49.29,reliable,25
TZA,2011,pca,49.45,reliable,24
TZA,2012,pca,49.83,reliable,26
TZA,2013,pca,49.79,thin,25
TZA,2014,pca,50.22,thin,25
TZA,2015,pca,49.67,reliable,27
TZA,2016,pca,50.39,reliable,26
TZA,2017,pca,50.06,reliable,27
TZA,2018,pca,50.27,reliable,28
TZA,2019,pca,50.76,thin,28
TZA,2020,pca,50.65,reliable,29
TZA,2021,pca,52.01,thin,25
TZA,2022,pca,52.92,thin,25
TZA,2023,pca,53.26,thin,24
TZA,2024,pca,54.52,unreliable,
UGA,2000,pca,35.75,thin,38
UGA,2001,pca,36.6,unreliable,
UGA,2002,pca,38.07,thin,36
UGA,2003,pca,39.42,thin,36
UGA,2004,pca,42.21,thin,34
UGA,2005,pca,42.37,thin,33
UGA,2006,pca,45.53,thin,31
UGA,2007,pca,46.07,thin,30
UGA,2008,pca,46.84,thin,27
UGA,2009,pca,46.07,reliable,29
UGA,2010,pca,46.82,reliable,31
UGA,2011,pca,46.57,reliable,32
UGA,2012,pca,49.98,reliable,25
UGA,2013,pca,49.76,reliable,26
UGA,2014,pca,49.77,reliable,27
UGA,2015,pca,50.14,reliable,26
UGA,2016,pca,46.41,reliable,37
UGA,2017,pca,47.48,thin,34
UGA,2018,pca,47.83,reliable,32
UGA,2019,pca,47.26,reliable,35
UGA,2020,pca,47.78,reliable,34
UGA,2021,pca,49.67,reliable,32
UGA,2022,pca,51.3,reliable,28
UGA,2023,pca,51.01,thin,28
UGA,2024,pca,51.58,unreliable,
ZAF,2000,pca,67.19,reliable,7
ZAF,2001,pca,67.38,thin,3
ZAF,2002,pca,67.38,reliable,6
ZAF,2003,pca,67.85,reliable,6
ZAF,2004,pca,69.05,reliable,6
ZAF,2005,pca,70.24,reliable,6
ZAF,2006,pca,68.9,thin,6
ZAF,2007,pca,69.26,reliable,7
ZAF,2008,pca,68.47,thin,7
ZAF,2009,pca,66.6,reliable,8
ZAF,2010,pca,66.92,reliable,8
ZAF,2011,pca,66.46,reliable,9
ZAF,2012,pca,67.74,thin,8
ZAF,2013,pca,68.14,reliable,8
ZAF,2014,pca,68.28,thin,7
ZAF,2015,pca,68.49,reliable,8
ZAF,2016,pca,67.37,reliable,9
ZAF,2017,pca,66.86,reliable,9
ZAF,2018,pca,66.75,thin,9
ZAF,2019,pca,67.0,reliable,9
ZAF,2020,pca,67.19,reliable,10
ZAF,2021,pca,67.8,thin,10
ZAF,2022,pca,65.66,reliable,11
ZAF,2023,pca,67.05,reliable,11
ZAF,2024,pca,66.89,unreliable,
ZMB,2000,pca,38.53,thin,32
ZMB,2001,pca,39.4,unreliable,
ZMB,2002,pca,41.16,thin,32
ZMB,2003,pca,41.64,thin,31
ZMB,2004,pca,42.3,thin,33
ZMB,2005,pca,44.56,thin,28
ZMB,2006,pca,46.94,thin,25
ZMB,2007,pca,47.72,thin,25
ZMB,2008,pca,49.64,reliable,21
ZMB,2009,pca,49.25,reliable,24
ZMB,2010,pca,49.93,thin,22
ZMB,2011,pca,50.83,reliable,20
ZMB,2012,pca,51.18,reliable,21
ZMB,2013,pca,51.09,reliable,22
ZMB,2014,pca,50.74,reliable,22
ZMB,2015,pca,49.32,reliable,28
ZMB,2016,pca,47.94,thin,31
ZMB,2017,pca,48.09,thin,31
ZMB,2018,pca,47.26,thin,36
ZMB,2019,pca,46.67,thin,36
ZMB,2020,pca,45.81,thin,38
ZMB,2021,pca,48.49,thin,34
ZMB,2022,pca,49.71,thin,32
ZMB,2023,pca,50.83,thin,29
ZMB,2024,pca,53.6,unreliable,
ZWE,2000,pca,39.79,thin,28
ZWE,2001,pca,39.85,thin,10
ZWE,2002,pca,39.25,reliable,34
ZWE,2003,pca,39.6,reliable,35
ZWE,2004,pca,37.17,reliable,42
ZWE,2005,pca,35.87,reliable,42
ZWE,2006,pca,36.73,reliable,48
ZWE,2007,pca,36.61,thin,48
ZWE,2008,pca,34.95,thin,48
ZWE,2009,pca,36.17,thin,48
ZWE,2010,pca,40.68,reliable,45
ZWE,2011,pca,43.47,thin,39
ZWE,2012,pca,47.13,reliable,33
ZWE,2013,pca,47.35,thin,34
ZWE,2014,pca,46.6,thin,35
ZWE,2015,pca,45.56,thin,39
ZWE,2016,pca,45.77,thin,38
ZWE,2017,pca,45.48,thin,39
ZWE,2018,pca,45.36,reliable,40
ZWE,2019,pca,41.75,thin,46
ZWE,2020,pca,41.23,reliable,47
ZWE,2021,pca,42.89,reliable,44
ZWE,2022,pca,43.95,reliable,44
ZWE,2023,pca,44.44,thin,44
ZWE,2024,pca,47.1,unreliable,
AGO,2000,entropy,33.68,thin,49
AGO,2001,entropy,33.75,unreliable,
AGO,2002,entropy,36.28,thin,47
AGO,2003,entropy,36.88,thin,48
AGO,2004,entropy,39.56,thin,44
AGO,2005,entropy,41.53,thin,41
AGO,2006,entropy,43.55,thin,40
AGO,2007,entropy,43.36,thin,43
AGO,2008,entropy,44.4,thin,39
AGO,2009,entropy,44.21,thin,42
AGO,2010,entropy,46.11,thin,41
AGO,2011,entropy,45.07,thin,43
AGO,2012,entropy,45.42,reliable,44
AGO,2013,entropy,45.05,thin,44
AGO,2014,entropy,44.06,thin,45
AGO,2015,entropy,45.5,reliable,42
AGO,2016,entropy,46.11,reliable,41
AGO,2017,entropy,47.78,thin,42
AGO,2018,entropy,48.55,thin,41
AGO,2019,entropy,48.49,thin,39
AGO,2020,entropy,48.44,thin,41
AGO,2021,entropy,48.39,thin,41
AGO,2022,entropy,49.67,thin,39
AGO,2023,entropy,50.65,thin,35
AGO,2024,entropy,52.42,unreliable,
BDI,2000,entropy,39.9,thin,39
BDI,2001,entropy,40.29,unreliable,
BDI,2002,entropy,41.64,thin,37
BDI,2003,entropy,42.01,thin,38
BDI,2004,entropy,43.38,thin,36
BDI,2005,entropy,45.59,thin,33
BDI,2006,entropy,47.77,thin,32
BDI,2007,entropy,48.07,thin,31
BDI,2008,entropy,48.22,thin,33
BDI,2009,entropy,48.77,reliable,34
BDI,2010,entropy,47.62,reliable,38
BDI,2011,entropy,48.19,thin,36
BDI,2012,entropy,48.45,thin,37
BDI,2013,entropy,49.91,reliable,34
BDI,2014,entropy,50.76,reliable,31
BDI,2015,entropy,49.51,reliable,38
BDI,2016,entropy,48.54,reliable,38
BDI,2017,entropy,48.75,reliable,39
BDI,2018,entropy,48.97,reliable,39
BDI,2019,entropy,48.48,thin,40
BDI,2020,entropy,48.81,thin,40
BDI,2021,entropy,48.76,reliable,39
BDI,2022,entropy,50.03,reliable,37
BDI,2023,entropy,50.51,thin,37
BDI,2024,entropy,50.75,unreliable,
BEN,2000,entropy,46.12,thin,23
BEN,2001,entropy,46.25,thin,8
BEN,2002,entropy,46.12,thin,29
BEN,2003,entropy,45.98,thin,32
BEN,2004,entropy,46.94,thin,32
BEN,2005,entropy,46.49,thin,31
BEN,2006,entropy,48.26,thin,31
BEN,2007,entropy,48.68,thin,30
BEN,2008,entropy,48.99,thin,31
BEN,2009,entropy,50.35,thin,26
BEN,2010,entropy,50.5,thin,27
BEN,2011,entropy,50.1,thin,31
BEN,2012,entropy,50.43,thin,29
BEN,2013,entropy,50.72,thin,29
BEN,2014,entropy,50.52,thin,33
BEN,2015,entropy,51.85,thin,26
BEN,2016,entropy,51.9,thin,29
BEN,2017,entropy,52.89,thin,25
BEN,2018,entropy,54.29,reliable,24
BEN,2019,entropy,54.8,thin,22
BEN,2020,entropy,55.29,reliable,21
BEN,2021,entropy,54.93,thin,23
BEN,2022,entropy,55.89,reliable,20
BEN,2023,entropy,55.5,thin,22
BEN,2024,entropy,55.49,unreliable,
BFA,2000,entropy,44.42,thin,30
BFA,2001,entropy,44.1,thin,10
BFA,2002,entropy,44.98,reliable,31
BFA,2003,entropy,46.71,reliable,29
BFA,2004,entropy,47.13,reliable,31
BFA,2005,entropy,48.08,reliable,30
BFA,2006,entropy,48.53,reliable,30
BFA,2007,entropy,49.82,reliable,28
BFA,2008,entropy,50.61,reliable,25
BFA,2009,entropy,50.16,reliable,28
BFA,2010,entropy,49.95,reliable,30
BFA,2011,entropy,49.86,reliable,32
BFA,2012,entropy,50.24,reliable,30
BFA,2013,entropy,49.95,reliable,33
BFA,2014,entropy,49.79,reliable,35
BFA,2015,entropy,50.64,reliable,33
BFA,2016,entropy,52.14,reliable,27
BFA,2017,entropy,53.97,reliable,22
BFA,2018,entropy,54.53,reliable,23
BFA,2019,entropy,53.36,reliable,27
BFA,2020,entropy,52.77,reliable,27
BFA,2021,entropy,54.2,thin,26
BFA,2022,entropy,52.64,reliable,32
BFA,2023,entropy,51.57,thin,33
BFA,2024,entropy,52.11,unreliable,
BWA,2000,entropy,63.17,thin,5
BWA,2001,entropy,64.17,unreliable,
BWA,2002,entropy,63.03,reliable,5
BWA,2003,entropy,65.8,reliable,3
BWA,2004,entropy,64.73,thin,4
BWA,2005,entropy,65.31,thin,3
BWA,2006,entropy,65.26,thin,5
BWA,2007,entropy,66.17,thin,4
BWA,2008,entropy,67.59,thin,2
BWA,2009,entropy,65.77,reliable,4
BWA,2010,entropy,67.31,reliable,2
BWA,2011,entropy,67.24,thin,2
BWA,2012,entropy,69.13,thin,2
BWA,2013,entropy,67.89,thin,4
BWA,2014,entropy,66.65,thin,4
BWA,2015,entropy,65.36,thin,5
BWA,2016,entropy,64.81,thin,6
BWA,2017,entropy,64.5,thin,6
BWA,2018,entropy,65.01,thin,7
BWA,2019,entropy,65.55,thin,7
BWA,2020,entropy,64.92,reliable,6
BWA,2021,entropy,65.59,thin,6
BWA,2022,entropy,65.33,thin,7
BWA,2023,entropy,65.57,thin,8
BWA,2024,entropy,65.39,unreliable,
CAF,2000,entropy,39.08,thin,41
CAF,2001,entropy,37.86,unreliable,
CAF,2002,entropy,37.71,thin,44
CAF,2003,entropy,35.81,thin,49
CAF,2004,entropy,37.23,thin,48
CAF,2005,entropy,37.21,thin,50
CAF,2006,entropy,37.67,thin,50
CAF,2007,entropy,38.58,thin,50
CAF,2008,entropy,37.77,thin,50
CAF,2009,entropy,35.38,reliable,52
CAF,2010,entropy,38.61,reliable,51
CAF,2011,entropy,38.96,reliable,50
CAF,2012,entropy,38.62,reliable,51
CAF,2013,entropy,34.82,reliable,52
CAF,2014,entropy,32.76,reliable,53
CAF,2015,entropy,35.34,reliable,52
CAF,2016,entropy,35.92,thin,51
CAF,2017,entropy,36.29,thin,52
CAF,2018,entropy,37.35,reliable,52
CAF,2019,entropy,35.01,reliable,51
CAF,2020,entropy,35.64,reliable,51
CAF,2021,entropy,33.9,reliable,51
CAF,2022,entropy,33.25,reliable,52
CAF,2023,entropy,37.85,thin,50
CAF,2024,entropy,37.91,unreliable,
CIV,2000,entropy,43.79,thin,31
CIV,2001,entropy,43.81,unreliable,
CIV,2002,entropy,41.51,thin,38
CIV,2003,entropy,43.56,thin,37
CIV,2004,entropy,41.89,thin,41
CIV,2005,entropy,41.96,thin,39
CIV,2006,entropy,44.79,thin,35
CIV,2007,entropy,45.38,thin,36
CIV,2008,entropy,46.76,thin,36
CIV,2009,entropy,49.17,reliable,30
CIV,2010,entropy,47.63,reliable,37
CIV,2011,entropy,48.15,reliable,37
CIV,2012,entropy,50.48,reliable,28
CIV,2013,entropy,52.19,thin,23
CIV,2014,entropy,53.53,reliable,22
CIV,2015,entropy,56.82,thin,15
CIV,2016,entropy,56.62,reliable,16
CIV,2017,entropy,57.24,reliable,16
CIV,2018,entropy,57.66,reliable,16
CIV,2019,entropy,58.23,reliable,16
CIV,2020,entropy,57.87,reliable,16
CIV,2021,entropy,58.01,thin,17
CIV,2022,entropy,58.94,reliable,16
CIV,2023,entropy,59.28,thin,15
CIV,2024,entropy,59.15,unreliable,
CMR,2000,entropy,47.43,thin,22
CMR,2001,entropy,47.63,unreliable,
CMR,2002,entropy,45.58,thin,30
CMR,2003,entropy,47.25,thin,27
CMR,2004,entropy,48.66,thin,28
CMR,2005,entropy,48.19,thin,29
CMR,2006,entropy,49.26,thin,28
CMR,2007,entropy,47.75,thin,32
CMR,2008,entropy,48.23,thin,32
CMR,2009,entropy,47.92,thin,35
CMR,2010,entropy,48.13,thin,34
CMR,2011,entropy,49.67,thin,33
CMR,2012,entropy,49.23,thin,35
CMR,2013,entropy,50.53,thin,30
CMR,2014,entropy,50.82,reliable,30
CMR,2015,entropy,50.12,reliable,34
CMR,2016,entropy,50.47,reliable,32
CMR,2017,entropy,49.79,reliable,37
CMR,2018,entropy,48.96,thin,40
CMR,2019,entropy,48.87,thin,38
CMR,2020,entropy,49.85,reliable,35
CMR,2021,entropy,49.82,reliable,36
CMR,2022,entropy,50.33,reliable,36
CMR,2023,entropy,50.32,thin,38
CMR,2024,entropy,50.2,unreliable,
COD,2000,entropy,29.33,thin,52
COD,2001,entropy,29.54,unreliable,
COD,2002,entropy,29.92,thin,52
COD,2003,entropy,31.49,thin,52
COD,2004,entropy,33.55,thin,52
COD,2005,entropy,35.34,thin,51
COD,2006,entropy,36.9,thin,51
COD,2007,entropy,37.24,thin,51
COD,2008,entropy,37.17,thin,51
COD,2009,entropy,38.03,reliable,50
COD,2010,entropy,39.13,reliable,49
COD,2011,entropy,39.09,reliable,49
COD,2012,entropy,39.5,thin,49
COD,2013,entropy,41.01,thin,48
COD,2014,entropy,40.27,reliable,49
COD,2015,entropy,41.46,reliable,49
COD,2016,entropy,41.21,reliable,48
COD,2017,entropy,40.48,reliable,49
COD,2018,entropy,40.96,reliable,49
COD,2019,entropy,40.14,reliable,48
COD,2020,entropy,40.26,reliable,48
COD,2021,entropy,40.46,reliable,48
COD,2022,entropy,40.52,reliable,48
COD,2023,entropy,40.27,thin,48
COD,2024,entropy,40.32,unreliable,
COG,2000,entropy,45.44,thin,25
COG,2001,entropy,46.18,unreliable,
COG,2002,entropy,47.23,thin,22
COG,2003,entropy,46.83,thin,28
COG,2004,entropy,48.72,thin,27
COG,2005,entropy,46.08,thin,32
COG,2006,entropy,47.51,thin,33
COG,2007,entropy,47.09,thin,34
COG,2008,entropy,46.9,thin,35
COG,2009,entropy,47.84,reliable,36
COG,2010,entropy,48.85,reliable,32
COG,2011,entropy,52.65,reliable,19
COG,2012,entropy,51.87,thin,25
COG,2013,entropy,53.19,reliable,22
COG,2014,entropy,52.4,reliable,24
COG,2015,entropy,51.34,reliable,29
COG,2016,entropy,50.28,reliable,34
COG,2017,entropy,50.65,reliable,33
COG,2018,entropy,49.38,reliable,37
COG,2019,entropy,47.1,reliable,42
COG,2020,entropy,47.36,reliable,42
COG,2021,entropy,47.86,reliable,42
COG,2022,entropy,49.73,reliable,38
COG,2023,entropy,49.52,thin,41
COG,2024,entropy,49.74,unreliable,
COM,2000,entropy,49.03,thin,18
COM,2001,entropy,49.71,unreliable,
COM,2002,entropy,55.17,thin,14
COM,2003,entropy,52.89,thin,14
COM,2004,entropy,50.21,thin,19
COM,2005,entropy,50.14,thin,20
COM,2006,entropy,50.35,thin,25
COM,2007,entropy,49.15,thin,29
COM,2008,entropy,48.21,thin,34
COM,2009,entropy,49.03,thin,32
COM,2010,entropy,52.89,thin,19
COM,2011,entropy,52.47,thin,21
COM,2012,entropy,54.08,thin,20
COM,2013,entropy,54.33,thin,20
COM,2014,entropy,56.25,thin,17
COM,2015,entropy,56.1,thin,18
COM,2016,entropy,56.15,thin,18
COM,2017,entropy,56.32,thin,18
COM,2018,entropy,57.03,thin,18
COM,2019,entropy,55.82,thin,19
COM,2020,entropy,52.51,thin,30
COM,2021,entropy,52.05,thin,33
COM,2022,entropy,52.67,thin,31
COM,2023,entropy,53.59,thin,29
COM,2024,entropy,55.64,unreliable,
CPV,2000,entropy,60.32,thin,8
CPV,2001,entropy,62.2,unreliable,
CPV,2002,entropy,61.35,thin,7
CPV,2003,entropy,59.32,thin,8
CPV,2004,entropy,59.24,thin,8
CPV,2005,entropy,59.68,thin,8
CPV,2006,entropy,61.45,thin,8
CPV,2007,entropy,62.59,thin,8
CPV,2008,entropy,62.89,thin,7
CPV,2009,entropy,63.61,thin,6
CPV,2010,entropy,62.75,thin,8
CPV,2011,entropy,63.17,thin,9
CPV,2012,entropy,64.32,thin,9
CPV,2013,entropy,63.21,thin,10
CPV,2014,entropy,62.14,thin,10
CPV,2015,entropy,62.99,reliable,10
CPV,2016,entropy,62.39,reliable,10
CPV,2017,entropy,63.21,reliable,8
CPV,2018,entropy,64.58,reliable,8
CPV,2019,entropy,66.85,thin,5
CPV,2020,entropy,64.84,reliable,7
CPV,2021,entropy,65.59,thin,6
CPV,2022,entropy,66.04,thin,6
CPV,2023,entropy,66.99,thin,6
CPV,2024,entropy,67.29,unreliable,
DJI,2000,entropy,43.75,thin,32
DJI,2001,entropy,44.61,unreliable,
DJI,2002,entropy,44.36,thin,33
DJI,2003,entropy,44.37,thin,35
DJI,2004,entropy,46.12,thin,33
DJI,2005,entropy,44.96,thin,34
DJI,2006,entropy,45.86,thin,34
DJI,2007,entropy,47.47,thin,33
DJI,2008,entropy,50.06,thin,28
DJI,2009,entropy,50.69,thin,24
DJI,2010,entropy,50.44,thin,28
DJI,2011,entropy,50.62,thin,29
DJI,2012,entropy,50.17,thin,31
DJI,2013,entropy,50.12,thin,31
DJI,2014,entropy,50.31,thin,34
DJI,2015,entropy,49.63,thin,36
DJI,2016,entropy,49.88,thin,36
DJI,2017,entropy,49.88,thin,36
DJI,2018,entropy,50.5,thin,36
DJI,2019,entropy,52.03,thin,34
DJI,2020,entropy,52.73,thin,28
DJI,2021,entropy,54.71,thin,24
DJI,2022,entropy,55.24,thin,23
DJI,2023,entropy,55.29,thin,24
DJI,2024,entropy,56.14,unreliable,
DZA,2000,entropy,48.01,thin,20
DZA,2001,entropy,48.3,unreliable,
DZA,2002,entropy,51.07,thin,18
DZA,2003,entropy,51.17,thin,16
DZA,2004,entropy,53.91,thin,14
DZA,2005,entropy,54.83,thin,14
DZA,2006,entropy,55.14,reliable,14
DZA,2007,entropy,55.68,reliable,13
DZA,2008,entropy,55.48,reliable,15
DZA,2009,entropy,54.64,thin,16
DZA,2010,entropy,54.74,thin,16
DZA,2011,entropy,54.54,thin,18
DZA,2012,entropy,54.99,thin,19
DZA,2013,entropy,56.16,reliable,17
DZA,2014,entropy,54.77,reliable,20
DZA,2015,entropy,55.0,thin,20
DZA,2016,entropy,56.18,thin,17
DZA,2017,entropy,56.66,thin,17
DZA,2018,entropy,57.55,thin,17
DZA,2019,entropy,56.95,reliable,18
DZA,2020,entropy,56.54,reliable,18
DZA,2021,entropy,56.38,reliable,20
DZA,2022,entropy,55.61,reliable,21
DZA,2023,entropy,56.03,reliable,20
DZA,2024,entropy,55.14,unreliable,
EGY,2000,entropy,58.23,thin,9
EGY,2001,entropy,58.29,unreliable,
EGY,2002,entropy,56.94,thin,10
EGY,2003,entropy,58.02,thin,9
EGY,2004,entropy,58.52,reliable,9
EGY,2005,entropy,58.32,reliable,9
EGY,2006,entropy,58.5,reliable,11
EGY,2007,entropy,58.73,thin,11
EGY,2008,entropy,59.49,reliable,11
EGY,2009,entropy,59.79,reliable,11
EGY,2010,entropy,58.13,reliable,11
EGY,2011,entropy,56.37,reliable,12
EGY,2012,entropy,56.88,reliable,14
EGY,2013,entropy,55.86,thin,18
EGY,2014,entropy,55.47,reliable,18
EGY,2015,entropy,56.59,reliable,17
EGY,2016,entropy,56.8,reliable,15
EGY,2017,entropy,57.63,reliable,15
EGY,2018,entropy,57.87,reliable,15
EGY,2019,entropy,58.92,reliable,15
EGY,2020,entropy,58.51,reliable,15
EGY,2021,entropy,58.68,thin,14
EGY,2022,entropy,59.43,thin,15
EGY,2023,entropy,58.97,thin,16
EGY,2024,entropy,58.2,unreliable,
ERI,2000,entropy,42.58,thin,34
ERI,2001,entropy,43.19,thin,11
ERI,2002,entropy,44.57,thin,32
ERI,2003,entropy,44.5,thin,34
ERI,2004,entropy,42.42,thin,38
ERI,2005,entropy,42.69,thin,37
ERI,2006,entropy,42.53,thin,44
ERI,2007,entropy,42.32,thin,44
ERI,2008,entropy,42.11,thin,43
ERI,2009,entropy,43.09,thin,44
ERI,2010,entropy,42.82,thin,45
ERI,2011,entropy,43.2,thin,45
ERI,2012,entropy,42.79,thin,45
ERI,2013,entropy,44.18,thin,45
ERI,2014,entropy,44.57,thin,44
ERI,2015,entropy,43.38,thin,45
ERI,2016,entropy,42.97,unreliable,
ERI,2017,entropy,42.42,thin,48
ERI,2018,entropy,42.6,thin,47
ERI,2019,entropy,42.43,unreliable,
ERI,2020,entropy,40.56,unreliable,
ERI,2021,entropy,41.29,unreliable,
ERI,2022,entropy,42.23,unreliable,
ERI,2023,entropy,42.36,unreliable,
ERI,2024,entropy,42.97,unreliable,
ETH,2000,entropy,38.36,thin,44
ETH,2001,entropy,38.79,thin,15
ETH,2002,entropy,39.65,thin,41
ETH,2003,entropy,39.14,thin,43
ETH,2004,entropy,41.3,thin,43
ETH,2005,entropy,42.03,thin,38
ETH,2006,entropy,44.56,thin,36
ETH,2007,entropy,45.25,thin,37
ETH,2008,entropy,45.31,thin,38
ETH,2009,entropy,46.85,thin,38
ETH,2010,entropy,48.06,thin,35
ETH,2011,entropy,48.2,reliable,35
ETH,2012,entropy,48.8,thin,36
ETH,2013,entropy,49.72,thin,36
ETH,2014,entropy,50.7,reliable,32
ETH,2015,entropy,51.28,reliable,30
ETH,2016,entropy,52.32,reliable,26
ETH,2017,entropy,51.8,reliable,32
ETH,2018,entropy,52.65,reliable,28
ETH,2019,entropy,53.3,reliable,28
ETH,2020,entropy,52.51,reliable,30
ETH,2021,entropy,51.52,reliable,34
ETH,2022,entropy,51.78,reliable,34
ETH,2023,entropy,51.28,thin,34
ETH,2024,entropy,51.8,unreliable,
GAB,2000,entropy,53.37,thin,14
GAB,2001,entropy,53.84,unreliable,
GAB,2002,entropy,54.03,thin,15
GAB,2003,entropy,52.04,thin,15
GAB,2004,entropy,50.38,thin,18
GAB,2005,entropy,51.61,thin,17
GAB,2006,entropy,51.68,thin,20
GAB,2007,entropy,50.78,thin,23
GAB,2008,entropy,50.35,thin,26
GAB,2009,entropy,49.21,thin,29
GAB,2010,entropy,50.61,thin,26
GAB,2011,entropy,51.04,thin,27
GAB,2012,entropy,49.5,thin,34
GAB,2013,entropy,51.11,thin,28
GAB,2014,entropy,48.91,thin,36
GAB,2015,entropy,49.27,thin,39
GAB,2016,entropy,48.54,thin,38
GAB,2017,entropy,51.92,thin,31
GAB,2018,entropy,52.13,thin,32
GAB,2019,entropy,52.55,thin,30
GAB,2020,entropy,52.56,thin,29
GAB,2021,entropy,53.75,thin,30
GAB,2022,entropy,54.52,thin,26
GAB,2023,entropy,52.42,thin,31
GAB,2024,entropy,54.57,unreliable,
GHA,2000,entropy,57.72,thin,11
GHA,2001,entropy,57.66,thin,6
GHA,2002,entropy,55.89,reliable,12
GHA,2003,entropy,55.0,reliable,13
GHA,2004,entropy,57.39,reliable,11
GHA,2005,entropy,57.34,reliable,10
GHA,2006,entropy,58.96,reliable,10
GHA,2007,entropy,58.81,reliable,10
GHA,2008,entropy,60.6,reliable,10
GHA,2009,entropy,61.93,reliable,9
GHA,2010,entropy,62.3,reliable,9
GHA,2011,entropy,65.85,thin,4
GHA,2012,entropy,68.13,thin,3
GHA,2013,entropy,68.7,reliable,2
GHA,2014,entropy,67.91,reliable,3
GHA,2015,entropy,67.91,reliable,4
GHA,2016,entropy,65.14,reliable,5
GHA,2017,entropy,65.35,reliable,5
GHA,2018,entropy,66.34,reliable,4
GHA,2019,entropy,67.1,reliable,4
GHA,2020,entropy,67.3,thin,4
GHA,2021,entropy,66.55,reliable,5
GHA,2022,entropy,66.92,reliable,4
GHA,2023,entropy,67.06,thin,5
GHA,2024,entropy,67.34,unreliable,
GIN,2000,entropy,38.5,thin,43
GIN,2001,entropy,39.04,thin,14
GIN,2002,entropy,40.15,thin,40
GIN,2003,entropy,41.61,thin,39
GIN,2004,entropy,43.78,thin,34
GIN,2005,entropy,43.02,thin,36
GIN,2006,entropy,41.44,thin,45
GIN,2007,entropy,41.23,thin,46
GIN,2008,entropy,42.32,thin,42
GIN,2009,entropy,43.6,thin,43
GIN,2010,entropy,44.89,thin,43
GIN,2011,entropy,46.44,thin,41
GIN,2012,entropy,45.74,thin,43
GIN,2013,entropy,46.61,thin,42
GIN,2014,entropy,47.0,thin,39
GIN,2015,entropy,50.05,thin,35
GIN,2016,entropy,49.99,thin,35
GIN,2017,entropy,50.59,thin,34
GIN,2018,entropy,51.82,thin,33
GIN,2019,entropy,52.44,thin,31
GIN,2020,entropy,51.92,thin,33
GIN,2021,entropy,53.06,thin,31
GIN,2022,entropy,53.39,thin,30
GIN,2023,entropy,53.71,thin,27
GIN,2024,entropy,54.45,unreliable,
GMB,2000,entropy,49.09,thin,17
GMB,2001,entropy,49.21,unreliable,
GMB,2002,entropy,49.87,thin,19
GMB,2003,entropy,50.63,thin,19
GMB,2004,entropy,49.47,thin,22
GMB,2005,entropy,48.35,thin,28
GMB,2006,entropy,48.93,thin,29
GMB,2007,entropy,49.93,thin,27
GMB,2008,entropy,51.21,thin,23
GMB,2009,entropy,53.18,thin,20
GMB,2010,entropy,52.55,thin,20
GMB,2011,entropy,52.65,thin,19
GMB,2012,entropy,52.4,thin,23
GMB,2013,entropy,51.95,thin,26
GMB,2014,entropy,51.76,thin,27
GMB,2015,entropy,51.82,thin,27
GMB,2016,entropy,50.67,thin,30
GMB,2017,entropy,53.58,thin,23
GMB,2018,entropy,54.97,thin,22
GMB,2019,entropy,55.65,thin,20
GMB,2020,entropy,55.82,thin,19
GMB,2021,entropy,56.53,thin,19
GMB,2022,entropy,57.78,reliable,18
GMB,2023,entropy,58.32,thin,18
GMB,2024,entropy,58.57,unreliable,
GNB,2000,entropy,35.99,thin,45
GNB,2001,entropy,37.3,unreliable,
GNB,2002,entropy,37.32,thin,46
GNB,2003,entropy,37.38,thin,47
GNB,2004,entropy,37.06,thin,49
GNB,2005,entropy,37.88,thin,48
GNB,2006,entropy,41.2,thin,46
GNB,2007,entropy,41.41,thin,45
GNB,2008,entropy,41.13,thin,45
GNB,2009,entropy,41.85,thin,45
GNB,2010,entropy,41.84,thin,46
GNB,2011,entropy,42.37,thin,46
GNB,2012,entropy,40.98,thin,48
GNB,2013,entropy,40.52,thin,49
GNB,2014,entropy,40.62,thin,48
GNB,2015,entropy,42.72,thin,48
GNB,2016,entropy,43.27,reliable,45
GNB,2017,entropy,44.9,reliable,45
GNB,2018,entropy,47.26,thin,43
GNB,2019,entropy,48.05,thin,41
GNB,2020,entropy,48.89,thin,38
GNB,2021,entropy,48.9,thin,37
GNB,2022,entropy,48.85,thin,41
GNB,2023,entropy,48.55,thin,43
GNB,2024,entropy,48.59,unreliable,
GNQ,2000,entropy,35.1,thin,46
GNQ,2001,entropy,37.26,unreliable,
GNQ,2002,entropy,37.56,thin,45
GNQ,2003,entropy,37.88,thin,45
GNQ,2004,entropy,37.56,thin,47
GNQ,2005,entropy,37.22,thin,49
GNQ,2006,entropy,38.9,thin,49
GNQ,2007,entropy,38.82,thin,49
GNQ,2008,entropy,37.79,thin,49
GNQ,2009,entropy,38.14,thin,49
GNQ,2010,entropy,38.0,thin,52
GNQ,2011,entropy,37.75,thin,52
GNQ,2012,entropy,37.23,thin,52
GNQ,2013,entropy,37.91,thin,51
GNQ,2014,entropy,37.65,thin,51
GNQ,2015,entropy,37.17,thin,51
GNQ,2016,entropy,37.27,thin,50
GNQ,2017,entropy,38.16,thin,51
GNQ,2018,entropy,38.13,thin,51
GNQ,2019,entropy,37.96,thin,50
GNQ,2020,entropy,38.27,thin,50
GNQ,2021,entropy,38.85,thin,50
GNQ,2022,entropy,39.82,thin,49
GNQ,2023,entropy,39.69,thin,49
GNQ,2024,entropy,40.41,unreliable,
KEN,2000,entropy,44.75,thin,29
KEN,2001,entropy,45.9,unreliable,
KEN,2002,entropy,47.17,thin,23
KEN,2003,entropy,48.89,thin,20
KEN,2004,entropy,50.79,thin,17
KEN,2005,entropy,50.72,thin,18
KEN,2006,entropy,50.71,thin,23
KEN,2007,entropy,50.78,thin,23
KEN,2008,entropy,49.65,thin,29
KEN,2009,entropy,48.97,thin,33
KEN,2010,entropy,50.77,thin,25
KEN,2011,entropy,50.95,reliable,28
KEN,2012,entropy,52.41,reliable,22
KEN,2013,entropy,53.58,reliable,21
KEN,2014,entropy,54.6,thin,21
KEN,2015,entropy,55.19,reliable,19
KEN,2016,entropy,56.12,reliable,19
KEN,2017,entropy,55.83,reliable,19
KEN,2018,entropy,57.03,reliable,18
KEN,2019,entropy,57.67,reliable,17
KEN,2020,entropy,57.85,reliable,17
KEN,2021,entropy,58.2,reliable,16
KEN,2022,entropy,59.7,reliable,14
KEN,2023,entropy,60.04,reliable,13
KEN,2024,entropy,60.43,unreliable,
LBR,2000,entropy,33.9,thin,48
LBR,2001,entropy,34.27,unreliable,
LBR,2002,entropy,33.85,thin,50
LBR,2003,entropy,33.81,thin,50
LBR,2004,entropy,36.54,thin,50
LBR,2005,entropy,37.89,thin,47
LBR,2006,entropy,43.1,thin,41
LBR,2007,entropy,43.38,reliable,42
LBR,2008,entropy,44.04,reliable,40
LBR,2009,entropy,45.28,reliable,41
LBR,2010,entropy,46.86,reliable,40
LBR,2011,entropy,46.53,thin,40
LBR,2012,entropy,47.99,reliable,38
LBR,2013,entropy,46.42,reliable,43
LBR,2014,entropy,44.81,reliable,43
LBR,2015,entropy,44.21,thin,44
LBR,2016,entropy,44.91,thin,43
LBR,2017,entropy,47.91,thin,41
LBR,2018,entropy,47.63,thin,42
LBR,2019,entropy,46.96,thin,43
LBR,2020,entropy,47.18,thin,43
LBR,2021,entropy,47.64,thin,43
LBR,2022,entropy,48.47,thin,43
LBR,2023,entropy,49.83,thin,39
LBR,2024,entropy,50.43,unreliable,
LBY,2000,entropy,47.65,thin,21
LBY,2001,entropy,47.72,unreliable,
LBY,2002,entropy,46.72,thin,24
LBY,2003,entropy,47.4,thin,26
LBY,2004,entropy,49.58,thin,21
LBY,2005,entropy,49.55,thin,25
LBY,2006,entropy,49.58,thin,27
LBY,2007,entropy,50.42,thin,26
LBY,2008,entropy,50.94,thin,24
LBY,2009,entropy,50.23,thin,27
LBY,2010,entropy,48.4,thin,33
LBY,2011,entropy,45.86,thin,42
LBY,2012,entropy,50.14,thin,32
LBY,2013,entropy,48.83,thin,37
LBY,2014,entropy,46.08,thin,42
LBY,2015,entropy,43.28,reliable,47
LBY,2016,entropy,42.84,reliable,47
LBY,2017,entropy,44.57,reliable,46
LBY,2018,entropy,44.84,reliable,46
LBY,2019,entropy,44.21,reliable,46
LBY,2020,entropy,42.39,reliable,47
LBY,2021,entropy,42.95,reliable,47
LBY,2022,entropy,43.51,reliable,46
LBY,2023,entropy,44.94,thin,45
LBY,2024,entropy,44.15,unreliable,
LSO,2000,entropy,56.21,thin,12
LSO,2001,entropy,56.87,thin,7
LSO,2002,entropy,56.48,thin,11
LSO,2003,entropy,56.84,thin,11
LSO,2004,entropy,55.08,thin,13
LSO,2005,entropy,57.09,thin,11
LSO,2006,entropy,56.04,thin,13
LSO,2007,entropy,55.29,reliable,15
LSO,2008,entropy,55.27,reliable,16
LSO,2009,entropy,57.93,thin,12
LSO,2010,entropy,55.4,thin,15
LSO,2011,entropy,55.99,thin,13
LSO,2012,entropy,56.06,thin,16
LSO,2013,entropy,56.99,thin,14
LSO,2014,entropy,56.64,thin,16
LSO,2015,entropy,56.61,thin,16
LSO,2016,entropy,59.5,thin,13
LSO,2017,entropy,60.34,thin,13
LSO,2018,entropy,61.01,thin,13
LSO,2019,entropy,60.19,thin,13
LSO,2020,entropy,60.28,thin,13
LSO,2021,entropy,59.82,thin,13
LSO,2022,entropy,61.19,thin,11
LSO,2023,entropy,59.85,thin,14
LSO,2024,entropy,60.35,unreliable,
MAR,2000,entropy,58.16,thin,10
MAR,2001,entropy,58.3,thin,5
MAR,2002,entropy,57.95,thin,9
MAR,2003,entropy,57.58,thin,10
MAR,2004,entropy,57.9,reliable,10
MAR,2005,entropy,56.56,reliable,12
MAR,2006,entropy,59.37,reliable,9
MAR,2007,entropy,60.98,reliable,9
MAR,2008,entropy,60.78,reliable,9
MAR,2009,entropy,62.44,reliable,8
MAR,2010,entropy,64.87,reliable,5
MAR,2011,entropy,64.07,reliable,8
MAR,2012,entropy,64.81,reliable,6
MAR,2013,entropy,65.18,thin,6
MAR,2014,entropy,64.81,reliable,6
MAR,2015,entropy,64.52,reliable,6
MAR,2016,entropy,65.71,reliable,4
MAR,2017,entropy,65.68,reliable,4
MAR,2018,entropy,66.16,reliable,5
MAR,2019,entropy,66.69,thin,6
MAR,2020,entropy,66.55,thin,5
MAR,2021,entropy,66.56,reliable,4
MAR,2022,entropy,66.73,reliable,5
MAR,2023,entropy,67.43,reliable,4
MAR,2024,entropy,67.1,unreliable,
MDG,2000,entropy,54.9,thin,13
MDG,2001,entropy,55.02,unreliable,
MDG,2002,entropy,55.19,thin,13
MDG,2003,entropy,56.15,thin,12
MDG,2004,entropy,55.14,thin,12
MDG,2005,entropy,55.86,thin,13
MDG,2006,entropy,56.58,thin,12
MDG,2007,entropy,57.73,thin,12
MDG,2008,entropy,55.98,thin,14
MDG,2009,entropy,54.34,thin,19
MDG,2010,entropy,51.43,thin,23
MDG,2011,entropy,51.1,thin,26
MDG,2012,entropy,51.23,thin,27
MDG,2013,entropy,50.05,thin,32
MDG,2014,entropy,51.02,thin,29
MDG,2015,entropy,51.94,thin,25
MDG,2016,entropy,52.9,thin,24
MDG,2017,entropy,52.46,thin,27
MDG,2018,entropy,55.58,reliable,20
MDG,2019,entropy,54.51,thin,23
MDG,2020,entropy,54.75,thin,22
MDG,2021,entropy,54.09,reliable,27
MDG,2022,entropy,53.99,thin,29
MDG,2023,entropy,53.61,thin,28
MDG,2024,entropy,53.87,unreliable,
MLI,2000,entropy,41.56,thin,36
MLI,2001,entropy,42.77,unreliable,
MLI,2002,entropy,46.63,thin,25
MLI,2003,entropy,47.56,thin,25
MLI,2004,entropy,48.95,thin,24
MLI,2005,entropy,49.23,thin,26
MLI,2006,entropy,49.69,thin,26
MLI,2007,entropy,50.68,thin,25
MLI,2008,entropy,50.34,thin,27
MLI,2009,entropy,50.51,thin,25
MLI,2010,entropy,50.1,thin,29
MLI,2011,entropy,50.32,thin,30
MLI,2012,entropy,46.92,thin,41
MLI,2013,entropy,48.4,thin,38
MLI,2014,entropy,48.61,reliable,37
MLI,2015,entropy,51.04,reliable,32
MLI,2016,entropy,50.49,reliable,31
MLI,2017,entropy,52.23,reliable,30
MLI,2018,entropy,52.62,reliable,29
MLI,2019,entropy,52.19,reliable,32
MLI,2020,entropy,52.03,thin,32
MLI,2021,entropy,52.24,reliable,32
MLI,2022,entropy,51.8,reliable,33
MLI,2023,entropy,51.85,thin,32
MLI,2024,entropy,52.06,unreliable,
MOZ,2000,entropy,45.29,thin,26
MOZ,2001,entropy,46.09,thin,9
MOZ,2002,entropy,46.55,reliable,27
MOZ,2003,entropy,46.71,reliable,29
MOZ,2004,entropy,47.89,reliable,29
MOZ,2005,entropy,49.62,reliable,24
MOZ,2006,entropy,51.15,reliable,22
MOZ,2007,entropy,51.73,reliable,22
MOZ,2008,entropy,51.73,reliable,21
MOZ,2009,entropy,52.21,reliable,21
MOZ,2010,entropy,51.42,reliable,24
MOZ,2011,entropy,51.4,reliable,24
MOZ,2012,entropy,52.88,thin,21
MOZ,2013,entropy,52.12,thin,25
MOZ,2014,entropy,51.71,thin,28
MOZ,2015,entropy,51.07,thin,31
MOZ,2016,entropy,50.43,thin,33
MOZ,2017,entropy,49.78,reliable,38
MOZ,2018,entropy,51.07,thin,34
MOZ,2019,entropy,50.65,reliable,36
MOZ,2020,entropy,49.59,thin,36
MOZ,2021,entropy,50.27,reliable,35
MOZ,2022,entropy,50.67,reliable,35
MOZ,2023,entropy,50.61,thin,36
MOZ,2024,entropy,50.76,unreliable,
MRT,2000,entropy,41.67,thin,35
MRT,2001,entropy,41.93,thin,12
MRT,2002,entropy,43.83,thin,35
MRT,2003,entropy,43.89,thin,36
MRT,2004,entropy,41.6,thin,42
MRT,2005,entropy,41.39,thin,42
MRT,2006,entropy,42.92,thin,42
MRT,2007,entropy,43.89,thin,40
MRT,2008,entropy,41.9,thin,44
MRT,2009,entropy,45.78,thin,40
MRT,2010,entropy,47.7,thin,36
MRT,2011,entropy,47.96,thin,38
MRT,2012,entropy,47.35,thin,40
MRT,2013,entropy,47.39,thin,39
MRT,2014,entropy,47.82,thin,38
MRT,2015,entropy,49.6,thin,37
MRT,2016,entropy,49.88,thin,36
MRT,2017,entropy,50.09,thin,35
MRT,2018,entropy,50.99,reliable,35
MRT,2019,entropy,51.19,reliable,35
MRT,2020,entropy,49.12,thin,37
MRT,2021,entropy,48.81,thin,38
MRT,2022,entropy,49.03,thin,40
MRT,2023,entropy,49.32,thin,42
MRT,2024,entropy,49.96,unreliable,
MUS,2000,entropy,74.26,thin,1
MUS,2001,entropy,74.07,thin,1
MUS,2002,entropy,74.68,thin,1
MUS,2003,entropy,74.44,thin,1
MUS,2004,entropy,74.11,thin,1
MUS,2005,entropy,74.42,thin,1
MUS,2006,entropy,74.06,thin,1
MUS,2007,entropy,74.48,thin,1
MUS,2008,entropy,73.07,thin,1
MUS,2009,entropy,71.94,thin,1
MUS,2010,entropy,70.31,thin,1
MUS,2011,entropy,70.8,thin,1
MUS,2012,entropy,72.83,thin,1
MUS,2013,entropy,72.33,thin,1
MUS,2014,entropy,73.11,thin,1
MUS,2015,entropy,74.08,reliable,1
MUS,2016,entropy,74.24,reliable,1
MUS,2017,entropy,73.67,reliable,1
MUS,2018,entropy,73.37,reliable,1
MUS,2019,entropy,73.17,thin,1
MUS,2020,entropy,72.68,reliable,1
MUS,2021,entropy,71.72,reliable,1
MUS,2022,entropy,71.65,reliable,1
MUS,2023,entropy,72.31,thin,1
MUS,2024,entropy,72.24,unreliable,
MWI,2000,entropy,48.56,thin,19
MWI,2001,entropy,47.86,unreliable,
MWI,2002,entropy,46.61,thin,26
MWI,2003,entropy,48.82,reliable,21
MWI,2004,entropy,52.8,reliable,15
MWI,2005,entropy,54.53,reliable,15
MWI,2006,entropy,54.4,reliable,15
MWI,2007,entropy,55.37,reliable,14
MWI,2008,entropy,56.52,reliable,12
MWI,2009,entropy,57.59,reliable,13
MWI,2010,entropy,55.83,thin,14
MWI,2011,entropy,55.9,thin,14
MWI,2012,entropy,55.66,thin,17
MWI,2013,entropy,56.9,thin,15
MWI,2014,entropy,57.02,thin,15
MWI,2015,entropy,54.94,thin,21
MWI,2016,entropy,54.33,thin,20
MWI,2017,entropy,54.47,thin,21
MWI,2018,entropy,53.92,thin,26
MWI,2019,entropy,53.65,thin,26
MWI,2020,entropy,54.61,thin,23
MWI,2021,entropy,55.89,thin,21
MWI,2022,entropy,55.16,thin,24
MWI,2023,entropy,54.8,thin,26
MWI,2024,entropy,56.44,unreliable,
NAM,2000,entropy,66.51,thin,3
NAM,2001,entropy,66.32,thin,3
NAM,2002,entropy,64.83,thin,4
NAM,2003,entropy,62.98,thin,5
NAM,2004,entropy,63.03,thin,6
NAM,2005,entropy,63.58,thin,6
NAM,2006,entropy,65.62,thin,4
NAM,2007,entropy,66.14,thin,5
NAM,2008,entropy,66.57,thin,4
NAM,2009,entropy,67.0,reliable,2
NAM,2010,entropy,66.49,reliable,3
NAM,2011,entropy,66.2,reliable,3
NAM,2012,entropy,67.87,reliable,4
NAM,2013,entropy,68.32,thin,3
NAM,2014,entropy,68.31,thin,2
NAM,2015,entropy,69.01,thin,3
NAM,2016,entropy,67.67,thin,3
NAM,2017,entropy,68.09,thin,3
NAM,2018,entropy,67.48,reliable,3
NAM,2019,entropy,67.66,reliable,3
NAM,2020,entropy,67.7,reliable,3
NAM,2021,entropy,69.9,reliable,3
NAM,2022,entropy,69.38,thin,3
NAM,2023,entropy,69.39,thin,3
NAM,2024,entropy,69.29,unreliable,
NER,2000,entropy,34.82,thin,47
NER,2001,entropy,34.68,thin,16
NER,2002,entropy,35.68,thin,48
NER,2003,entropy,37.45,thin,46
NER,2004,entropy,38.48,thin,46
NER,2005,entropy,39.27,thin,45
NER,2006,entropy,39.84,thin,47
NER,2007,entropy,40.8,thin,47
NER,2008,entropy,41.05,thin,46
NER,2009,entropy,41.0,reliable,47
NER,2010,entropy,41.62,reliable,48
NER,2011,entropy,41.86,reliable,47
NER,2012,entropy,42.6,reliable,46
NER,2013,entropy,42.71,thin,46
NER,2014,entropy,43.52,reliable,47
NER,2015,entropy,43.35,reliable,46
NER,2016,entropy,43.22,thin,46
NER,2017,entropy,44.13,reliable,47
NER,2018,entropy,42.32,reliable,48
NER,2019,entropy,42.99,reliable,47
NER,2020,entropy,42.69,reliable,46
NER,2021,entropy,43.0,reliable,46
NER,2022,entropy,43.48,reliable,47
NER,2023,entropy,43.72,thin,47
NER,2024,entropy,43.6,unreliable,
NGA,2000,entropy,38.74,thin,42
NGA,2001,entropy,39.2,unreliable,
NGA,2002,entropy,37.87,thin,43
NGA,2003,entropy,41.58,thin,40
NGA,2004,entropy,43.1,thin,37
NGA,2005,entropy,43.19,thin,35
NGA,2006,entropy,44.49,thin,37
NGA,2007,entropy,45.95,thin,35
NGA,2008,entropy,46.49,thin,37
NGA,2009,entropy,47.42,thin,37
NGA,2010,entropy,45.18,thin,42
NGA,2011,entropy,46.93,thin,39
NGA,2012,entropy,47.87,thin,39
NGA,2013,entropy,47.33,thin,40
NGA,2014,entropy,46.74,reliable,40
NGA,2015,entropy,49.16,reliable,40
NGA,2016,entropy,48.11,thin,40
NGA,2017,entropy,48.2,reliable,40
NGA,2018,entropy,49.27,reliable,38
NGA,2019,entropy,49.29,reliable,37
NGA,2020,entropy,48.88,reliable,39
NGA,2021,entropy,48.45,reliable,40
NGA,2022,entropy,48.67,reliable,42
NGA,2023,entropy,49.57,thin,40
NGA,2024,entropy,49.62,unreliable,
RWA,2000,entropy,41.55,thin,37
RWA,2001,entropy,42.09,unreliable,
RWA,2002,entropy,44.03,thin,34
RWA,2003,entropy,46.22,thin,31
RWA,2004,entropy,48.84,thin,25
RWA,2005,entropy,49.81,thin,22
RWA,2006,entropy,52.85,reliable,16
RWA,2007,entropy,54.02,reliable,16
RWA,2008,entropy,56.02,reliable,13
RWA,2009,entropy,55.76,thin,14
RWA,2010,entropy,56.24,thin,12
RWA,2011,entropy,56.79,thin,11
RWA,2012,entropy,58.57,thin,11
RWA,2013,entropy,58.66,reliable,11
RWA,2014,entropy,60.11,thin,11
RWA,2015,entropy,60.36,reliable,11
RWA,2016,entropy,60.86,reliable,11
RWA,2017,entropy,61.11,thin,11
RWA,2018,entropy,61.2,reliable,12
RWA,2019,entropy,61.08,reliable,12
RWA,2020,entropy,62.09,reliable,12
RWA,2021,entropy,63.14,thin,9
RWA,2022,entropy,63.34,thin,9
RWA,2023,entropy,64.06,thin,9
RWA,2024,entropy,64.68,unreliable,
SDN,2000,entropy,39.23,thin,40
SDN,2001,entropy,39.13,unreliable,
SDN,2002,entropy,40.86,thin,39
SDN,2003,entropy,39.31,thin,42
SDN,2004,entropy,42.2,thin,40
SDN,2005,entropy,41.22,thin,43
SDN,2006,entropy,43.7,thin,39
SDN,2007,entropy,44.05,thin,39
SDN,2008,entropy,39.27,thin,47
SDN,2009,entropy,40.06,thin,48
SDN,2010,entropy,41.71,thin,47
SDN,2011,entropy,40.69,thin,48
SDN,2012,entropy,41.83,thin,47
SDN,2013,entropy,42.47,thin,47
SDN,2014,entropy,43.54,thin,46
SDN,2015,entropy,44.76,thin,43
SDN,2016,entropy,44.34,thin,44
SDN,2017,entropy,45.85,thin,44
SDN,2018,entropy,45.11,reliable,45
SDN,2019,entropy,45.87,reliable,44
SDN,2020,entropy,45.26,reliable,44
SDN,2021,entropy,44.88,reliable,45
SDN,2022,entropy,44.65,reliable,45
SDN,2023,entropy,43.85,thin,46
SDN,2024,entropy,42.98,unreliable,
SEN,2000,entropy,51.03,thin,16
SEN,2001,entropy,51.15,unreliable,
SEN,2002,entropy,52.59,thin,16
SEN,2003,entropy,50.65,thin,18
SEN,2004,entropy,51.69,thin,16
SEN,2005,entropy,52.48,thin,16
SEN,2006,entropy,52.28,thin,17
SEN,2007,entropy,52.54,thin,18
SEN,2008,entropy,53.43,thin,19
SEN,2009,entropy,54.36,thin,18
SEN,2010,entropy,54.02,thin,18
SEN,2011,entropy,54.62,reliable,17
SEN,2012,entropy,56.44,thin,15
SEN,2013,entropy,56.59,reliable,16
SEN,2014,entropy,57.57,reliable,13
SEN,2015,entropy,59.89,reliable,12
SEN,2016,entropy,60.31,thin,12
SEN,2017,entropy,60.94,reliable,12
SEN,2018,entropy,62.08,reliable,10
SEN,2019,entropy,63.05,reliable,10
SEN,2020,entropy,62.86,reliable,10
SEN,2021,entropy,62.56,reliable,10
SEN,2022,entropy,62.68,reliable,10
SEN,2023,entropy,63.2,reliable,10
SEN,2024,entropy,63.55,unreliable,
SLE,2000,entropy,33.66,thin,50
SLE,2001,entropy,32.71,unreliable,
SLE,2002,entropy,35.29,thin,49
SLE,2003,entropy,38.19,thin,44
SLE,2004,entropy,42.4,reliable,39
SLE,2005,entropy,41.79,reliable,40
SLE,2006,entropy,42.79,reliable,43
SLE,2007,entropy,43.76,reliable,41
SLE,2008,entropy,43.83,reliable,41
SLE,2009,entropy,46.24,reliable,39
SLE,2010,entropy,49.5,reliable,31
SLE,2011,entropy,51.33,reliable,25
SLE,2012,entropy,52.19,thin,24
SLE,2013,entropy,52.19,thin,23
SLE,2014,entropy,52.73,thin,23
SLE,2015,entropy,52.14,reliable,24
SLE,2016,entropy,52.07,thin,28
SLE,2017,entropy,52.45,thin,28
SLE,2018,entropy,54.2,thin,25
SLE,2019,entropy,54.06,reliable,25
SLE,2020,entropy,54.4,reliable,24
SLE,2021,entropy,54.53,reliable,25
SLE,2022,entropy,54.16,thin,28
SLE,2023,entropy,53.59,thin,29
SLE,2024,entropy,54.14,unreliable,
SOM,2000,entropy,25.2,thin,53
SOM,2001,entropy,25.64,unreliable,
SOM,2002,entropy,27.24,thin,53
SOM,2003,entropy,26.16,thin,53
SOM,2004,entropy,27.81,thin,53
SOM,2005,entropy,28.56,thin,53
SOM,2006,entropy,28.54,thin,53
SOM,2007,entropy,26.26,thin,53
SOM,2008,entropy,26.66,thin,53
SOM,2009,entropy,27.66,thin,53
SOM,2010,entropy,27.69,thin,53
SOM,2011,entropy,25.17,thin,54
SOM,2012,entropy,28.59,thin,54
SOM,2013,entropy,33.28,reliable,53
SOM,2014,entropy,34.19,reliable,52
SOM,2015,entropy,34.72,reliable,53
SOM,2016,entropy,34.26,reliable,52
SOM,2017,entropy,33.62,reliable,53
SOM,2018,entropy,32.92,reliable,53
SOM,2019,entropy,33.13,reliable,52
SOM,2020,entropy,32.96,reliable,52
SOM,2021,entropy,33.19,reliable,52
SOM,2022,entropy,33.34,reliable,51
SOM,2023,entropy,34.97,thin,52
SOM,2024,entropy,35.35,unreliable,
SSD,2000,entropy,41.08,unreliable,
SSD,2001,entropy,41.67,unreliable,
SSD,2002,entropy,42.65,unreliable,
SSD,2003,entropy,43.42,unreliable,
SSD,2004,entropy,44.52,unreliable,
SSD,2005,entropy,45.15,unreliable,
SSD,2006,entropy,46.46,unreliable,
SSD,2007,entropy,46.03,unreliable,
SSD,2008,entropy,46.03,unreliable,
SSD,2009,entropy,45.74,unreliable,
SSD,2010,entropy,46.95,unreliable,
SSD,2011,entropy,35.83,thin,53
SSD,2012,entropy,31.87,thin,53
SSD,2013,entropy,31.28,thin,54
SSD,2014,entropy,27.23,thin,54
SSD,2015,entropy,27.8,reliable,54
SSD,2016,entropy,25.92,reliable,53
SSD,2017,entropy,24.16,reliable,54
SSD,2018,entropy,26.85,reliable,54
SSD,2019,entropy,27.7,reliable,53
SSD,2020,entropy,28.09,reliable,53
SSD,2021,entropy,32.0,reliable,53
SSD,2022,entropy,33.19,reliable,53
SSD,2023,entropy,33.13,unreliable,
SSD,2024,entropy,33.32,unreliable,
STP,2000,entropy,60.85,thin,7
STP,2001,entropy,61.19,unreliable,
STP,2002,entropy,60.91,thin,8
STP,2003,entropy,62.45,thin,7
STP,2004,entropy,62.18,thin,7
STP,2005,entropy,62.91,thin,7
STP,2006,entropy,62.6,reliable,7
STP,2007,entropy,62.92,reliable,7
STP,2008,entropy,61.85,reliable,8
STP,2009,entropy,62.66,reliable,7
STP,2010,entropy,64.1,reliable,6
STP,2011,entropy,64.58,thin,6
STP,2012,entropy,64.76,thin,7
STP,2013,entropy,65.45,thin,5
STP,2014,entropy,62.94,thin,9
STP,2015,entropy,63.2,thin,8
STP,2016,entropy,63.15,thin,8
STP,2017,entropy,63.01,thin,9
STP,2018,entropy,64.18,thin,9
STP,2019,entropy,64.54,thin,8
STP,2020,entropy,63.84,thin,8
STP,2021,entropy,64.12,thin,8
STP,2022,entropy,64.02,thin,8
STP,2023,entropy,65.96,thin,7
STP,2024,entropy,65.32,unreliable,
SWZ,2000,entropy,51.6,reliable,15
SWZ,2001,entropy,51.5,unreliable,
SWZ,2002,entropy,51.32,thin,17
SWZ,2003,entropy,50.8,thin,17
SWZ,2004,entropy,48.99,thin,23
SWZ,2005,entropy,49.66,thin,23
SWZ,2006,entropy,51.82,reliable,19
SWZ,2007,entropy,51.77,thin,21
SWZ,2008,entropy,53.65,reliable,18
SWZ,2009,entropy,55.2,reliable,15
SWZ,2010,entropy,56.07,reliable,13
SWZ,2011,entropy,55.82,reliable,15
SWZ,2012,entropy,57.25,reliable,12
SWZ,2013,entropy,57.67,reliable,12
SWZ,2014,entropy,57.91,reliable,12
SWZ,2015,entropy,57.6,reliable,14
SWZ,2016,entropy,58.47,thin,14
SWZ,2017,entropy,60.15,reliable,14
SWZ,2018,entropy,59.07,thin,14
SWZ,2019,entropy,59.32,thin,14
SWZ,2020,entropy,59.29,thin,14
SWZ,2021,entropy,58.34,reliable,15
SWZ,2022,entropy,57.27,thin,19
SWZ,2023,entropy,56.9,thin,19
SWZ,2024,entropy,57.25,unreliable,
SYC,2000,entropy,71.12,thin,2
SYC,2001,entropy,71.38,thin,2
SYC,2002,entropy,71.7,thin,2
SYC,2003,entropy,71.28,thin,2
SYC,2004,entropy,66.67,reliable,2
SYC,2005,entropy,67.39,thin,2
SYC,2006,entropy,67.87,thin,2
SYC,2007,entropy,68.67,reliable,2
SYC,2008,entropy,65.19,reliable,5
SYC,2009,entropy,64.25,reliable,5
SYC,2010,entropy,65.9,reliable,4
SYC,2011,entropy,64.44,thin,7
SYC,2012,entropy,67.55,thin,5
SYC,2013,entropy,64.89,reliable,7
SYC,2014,entropy,65.39,reliable,5
SYC,2015,entropy,69.42,reliable,2
SYC,2016,entropy,69.68,reliable,2
SYC,2017,entropy,69.07,reliable,2
SYC,2018,entropy,70.12,reliable,2
SYC,2019,entropy,70.53,reliable,2
SYC,2020,entropy,69.82,reliable,2
SYC,2021,entropy,70.15,reliable,2
SYC,2022,entropy,70.03,thin,2
SYC,2023,entropy,71.06,thin,2
SYC,2024,entropy,70.92,unreliable,
TCD,2000,entropy,32.93,thin,51
TCD,2001,entropy,33.32,thin,17
TCD,2002,entropy,32.67,thin,51
TCD,2003,entropy,31.91,thin,51
TCD,2004,entropy,33.88,thin,51
TCD,2005,entropy,33.08,thin,52
TCD,2006,entropy,32.69,thin,52
TCD,2007,entropy,32.44,thin,52
TCD,2008,entropy,34.86,thin,52
TCD,2009,entropy,36.79,reliable,51
TCD,2010,entropy,38.91,reliable,50
TCD,2011,entropy,38.05,thin,51
TCD,2012,entropy,39.19,reliable,50
TCD,2013,entropy,39.44,thin,50
TCD,2014,entropy,39.46,thin,50
TCD,2015,entropy,39.09,reliable,50
TCD,2016,entropy,37.7,reliable,49
TCD,2017,entropy,39.32,reliable,50
TCD,2018,entropy,38.92,reliable,50
TCD,2019,entropy,39.09,reliable,49
TCD,2020,entropy,39.3,reliable,49
TCD,2021,entropy,39.25,reliable,49
TCD,2022,entropy,36.41,reliable,50
TCD,2023,entropy,36.12,thin,51
TCD,2024,entropy,36.41,unreliable,
TGO,2000,entropy,42.65,thin,33
TGO,2001,entropy,42.45,unreliable,
TGO,2002,entropy,43.21,thin,36
TGO,2003,entropy,45.29,thin,33
TGO,2004,entropy,43.71,thin,35
TGO,2005,entropy,40.95,thin,44
TGO,2006,entropy,43.83,thin,38
TGO,2007,entropy,45.25,thin,37
TGO,2008,entropy,49.01,thin,30
TGO,2009,entropy,49.11,reliable,31
TGO,2010,entropy,47.32,reliable,39
TGO,2011,entropy,49.15,reliable,34
TGO,2012,entropy,50.14,reliable,32
TGO,2013,entropy,49.8,reliable,35
TGO,2014,entropy,52.36,reliable,25
TGO,2015,entropy,52.24,thin,23
TGO,2016,entropy,53.79,reliable,22
TGO,2017,entropy,52.56,thin,26
TGO,2018,entropy,53.7,thin,27
TGO,2019,entropy,54.17,thin,24
TGO,2020,entropy,54.16,thin,25
TGO,2021,entropy,55.41,thin,22
TGO,2022,entropy,55.54,reliable,22
TGO,2023,entropy,55.43,thin,23
TGO,2024,entropy,55.45,unreliable,
TUN,2000,entropy,65.31,thin,4
TUN,2001,entropy,65.49,unreliable,
TUN,2002,entropy,66.01,thin,3
TUN,2003,entropy,64.81,thin,4
TUN,2004,entropy,65.58,thin,3
TUN,2005,entropy,65.02,thin,4
TUN,2006,entropy,67.21,thin,3
TUN,2007,entropy,67.22,reliable,3
TUN,2008,entropy,66.79,reliable,3
TUN,2009,entropy,65.97,thin,3
TUN,2010,entropy,63.76,reliable,7
TUN,2011,entropy,64.76,thin,5
TUN,2012,entropy,64.6,thin,8
TUN,2013,entropy,63.97,thin,8
TUN,2014,entropy,63.68,thin,7
TUN,2015,entropy,63.45,thin,7
TUN,2016,entropy,63.26,thin,7
TUN,2017,entropy,64.44,thin,7
TUN,2018,entropy,65.18,thin,6
TUN,2019,entropy,63.94,reliable,9
TUN,2020,entropy,63.65,reliable,9
TUN,2021,entropy,61.43,thin,12
TUN,2022,entropy,60.91,thin,12
TUN,2023,entropy,60.86,thin,12
TUN,2024,entropy,60.12,unreliable,
TZA,2000,entropy,45.21,thin,27
TZA,2001,entropy,46.25,unreliable,
TZA,2002,entropy,47.93,thin,20
TZA,2003,entropy,47.87,reliable,22
TZA,2004,entropy,47.71,reliable,30
TZA,2005,entropy,48.84,thin,27
TZA,2006,entropy,50.51,thin,24
TZA,2007,entropy,52.13,thin,19
TZA,2008,entropy,51.24,thin,22
TZA,2009,entropy,51.59,thin,22
TZA,2010,entropy,52.06,reliable,21
TZA,2011,entropy,51.51,reliable,23
TZA,2012,entropy,51.38,reliable,26
TZA,2013,entropy,51.35,thin,27
TZA,2014,entropy,52.31,thin,26
TZA,2015,entropy,51.71,reliable,28
TZA,2016,entropy,52.47,reliable,25
TZA,2017,entropy,52.29,reliable,29
TZA,2018,entropy,52.23,reliable,31
TZA,2019,entropy,52.73,thin,29
TZA,2020,entropy,53.35,reliable,26
TZA,2021,entropy,53.83,thin,29
TZA,2022,entropy,54.31,thin,27
TZA,2023,entropy,54.83,thin,25
TZA,2024,entropy,55.73,unreliable,
UGA,2000,entropy,44.81,thin,28
UGA,2001,entropy,45.48,unreliable,
UGA,2002,entropy,46.54,thin,28
UGA,2003,entropy,47.62,thin,24
UGA,2004,entropy,50.07,thin,20
UGA,2005,entropy,49.86,thin,21
UGA,2006,entropy,51.35,thin,21
UGA,2007,entropy,51.8,thin,20
UGA,2008,entropy,52.46,thin,20
UGA,2009,entropy,51.53,reliable,23
UGA,2010,entropy,51.99,reliable,22
UGA,2011,entropy,52.09,reliable,22
UGA,2012,entropy,57.04,reliable,13
UGA,2013,entropy,57.36,reliable,13
UGA,2014,entropy,57.54,reliable,14
UGA,2015,entropy,57.83,reliable,13
UGA,2016,entropy,54.21,reliable,21
UGA,2017,entropy,55.03,thin,20
UGA,2018,entropy,55.08,reliable,21
UGA,2019,entropy,54.96,reliable,21
UGA,2020,entropy,55.51,reliable,20
UGA,2021,entropy,56.66,reliable,18
UGA,2022,entropy,58.28,reliable,17
UGA,2023,entropy,58.53,thin,17
UGA,2024,entropy,58.99,unreliable,
ZAF,2000,entropy,62.61,reliable,6
ZAF,2001,entropy,62.47,thin,4
ZAF,2002,entropy,62.3,reliable,6
ZAF,2003,entropy,62.52,reliable,6
ZAF,2004,entropy,63.33,reliable,5
ZAF,2005,entropy,64.36,reliable,5
ZAF,2006,entropy,63.7,thin,6
ZAF,2007,entropy,63.74,reliable,6
ZAF,2008,entropy,63.24,thin,6
ZAF,2009,entropy,61.57,reliable,10
ZAF,2010,entropy,61.91,reliable,10
ZAF,2011,entropy,61.78,reliable,10
ZAF,2012,entropy,63.02,thin,10
ZAF,2013,entropy,63.5,reliable,9
ZAF,2014,entropy,63.31,thin,8
ZAF,2015,entropy,63.04,reliable,9
ZAF,2016,entropy,62.48,reliable,9
ZAF,2017,entropy,62.12,reliable,10
ZAF,2018,entropy,61.96,thin,11
ZAF,2019,entropy,62.18,reliable,11
ZAF,2020,entropy,62.17,reliable,11
ZAF,2021,entropy,62.02,thin,11
ZAF,2022,entropy,60.77,reliable,13
ZAF,2023,entropy,61.46,reliable,11
ZAF,2024,entropy,61.43,unreliable,
ZMB,2000,entropy,45.45,thin,24
ZMB,2001,entropy,46.11,unreliable,
ZMB,2002,entropy,47.32,thin,21
ZMB,2003,entropy,47.71,thin,23
ZMB,2004,entropy,48.73,thin,26
ZMB,2005,entropy,50.47,thin,19
ZMB,2006,entropy,52.28,thin,17
ZMB,2007,entropy,52.93,thin,17
ZMB,2008,entropy,54.52,reliable,17
ZMB,2009,entropy,54.49,reliable,17
ZMB,2010,entropy,54.26,thin,17
ZMB,2011,entropy,55.34,reliable,16
ZMB,2012,entropy,55.5,reliable,18
ZMB,2013,entropy,55.51,reliable,19
ZMB,2014,entropy,55.05,reliable,19
ZMB,2015,entropy,54.39,reliable,22
ZMB,2016,entropy,53.45,thin,23
ZMB,2017,entropy,53.14,thin,24
ZMB,2018,entropy,52.32,thin,30
ZMB,2019,entropy,52.04,thin,33
ZMB,2020,entropy,51.62,thin,34
ZMB,2021,entropy,53.84,thin,28
ZMB,2022,entropy,55.16,thin,24
ZMB,2023,entropy,55.98,thin,21
ZMB,2024,entropy,57.8,unreliable,
ZWE,2000,entropy,40.02,thin,38
ZWE,2001,entropy,39.36,thin,13
ZWE,2002,entropy,38.95,reliable,42
ZWE,2003,entropy,40.38,reliable,41
ZWE,2004,entropy,39.27,reliable,45
ZWE,2005,entropy,37.91,reliable,46
ZWE,2006,entropy,39.6,reliable,48
ZWE,2007,entropy,39.84,thin,48
ZWE,2008,entropy,39.19,thin,48
ZWE,2009,entropy,41.22,thin,46
ZWE,2010,entropy,43.09,reliable,44
ZWE,2011,entropy,43.79,thin,44
ZWE,2012,entropy,46.77,reliable,42
ZWE,2013,entropy,46.77,thin,41
ZWE,2014,entropy,46.51,thin,41
ZWE,2015,entropy,46.09,thin,41
ZWE,2016,entropy,46.03,thin,42
ZWE,2017,entropy,46.29,thin,43
ZWE,2018,entropy,46.02,reliable,44
ZWE,2019,entropy,44.64,thin,45
ZWE,2020,entropy,44.81,reliable,45
ZWE,2021,entropy,46.01,reliable,44
ZWE,2022,entropy,46.54,reliable,44
ZWE,2023,entropy,46.94,thin,44
ZWE,2024,entropy,48.62,unreliable,
AGO,2000,geometric,29.71,thin,50
AGO,2001,geometric,29.75,unreliable,
AGO,2002,geometric,33.23,thin,48
AGO,2003,geometric,34.2,thin,47
AGO,2004,geometric,36.9,thin,46
AGO,2005,geometric,38.77,thin,41
AGO,2006,geometric,41.67,thin,42
AGO,2007,geometric,41.8,thin,43
AGO,2008,geometric,43.07,thin,40
AGO,2009,geometric,43.16,thin,41
AGO,2010,geometric,44.76,thin,38
AGO,2011,geometric,42.62,thin,43
AGO,2012,geometric,43.64,reliable,42
AGO,2013,geometric,43.51,thin,44
AGO,2014,geometric,42.51,thin,45
AGO,2015,geometric,44.55,reliable,41
AGO,2016,geometric,44.74,reliable,42
AGO,2017,geometric,45.44,thin,42
AGO,2018,geometric,45.19,thin,43
AGO,2019,geometric,45.46,thin,42
AGO,2020,geometric,44.32,thin,43
AGO,2021,geometric,44.36,thin,43
AGO,2022,geometric,46.04,thin,42
AGO,2023,geometric,47.64,thin,40
AGO,2024,geometric,49.83,unreliable,
BDI,2000,geometric,32.38,thin,45
BDI,2001,geometric,32.9,unreliable,
BDI,2002,geometric,35.04,thin,41
BDI,2003,geometric,35.43,thin,45
BDI,2004,geometric,37.11,thin,44
BDI,2005,geometric,39.89,thin,37
BDI,2006,geometric,43.21,thin,35
BDI,2007,geometric,43.48,thin,36
BDI,2008,geometric,43.54,thin,38
BDI,2009,geometric,44.34,reliable,38
BDI,2010,geometric,43.45,reliable,41
BDI,2011,geometric,43.96,thin,40
BDI,2012,geometric,43.44,thin,43
BDI,2013,geometric,45.91,reliable,40
BDI,2014,geometric,47.12,reliable,37
BDI,2015,geometric,45.18,reliable,40
BDI,2016,geometric,43.85,reliable,44
BDI,2017,geometric,44.24,reliable,45
BDI,2018,geometric,44.93,reliable,44
BDI,2019,geometric,44.43,thin,43
BDI,2020,geometric,45.27,thin,42
BDI,2021,geometric,45.7,reliable,41
BDI,2022,geometric,47.09,reliable,40
BDI,2023,geometric,47.52,thin,41
BDI,2024,geometric,47.72,unreliable,
BEN,2000,geometric,44.59,thin,20
BEN,2001,geometric,44.74,thin,8
BEN,2002,geometric,44.67,thin,23
BEN,2003,geometric,45.48,thin,22
BEN,2004,geometric,46.6,thin,25
BEN,2005,geometric,46.19,thin,28
BEN,2006,geometric,48.32,thin,23
BEN,2007,geometric,48.99,thin,24
BEN,2008,geometric,49.48,thin,24
BEN,2009,geometric,50.8,thin,20
BEN,2010,geometric,51.27,thin,18
BEN,2011,geometric,50.62,thin,22
BEN,2012,geometric,51.08,thin,22
BEN,2013,geometric,51.69,thin,22
BEN,2014,geometric,51.61,thin,23
BEN,2015,geometric,52.79,thin,18
BEN,2016,geometric,52.73,thin,20
BEN,2017,geometric,53.87,thin,19
BEN,2018,geometric,55.9,reliable,16
BEN,2019,geometric,56.73,thin,16
BEN,2020,geometric,57.1,reliable,14
BEN,2021,geometric,56.78,thin,15
BEN,2022,geometric,57.69,reliable,15
BEN,2023,geometric,57.15,thin,16
BEN,2024,geometric,57.09,unreliable,
BFA,2000,geometric,40.13,thin,30
BFA,2001,geometric,40.31,thin,11
BFA,2002,geometric,42.11,reliable,30
BFA,2003,geometric,43.87,reliable,28
BFA,2004,geometric,44.81,reliable,31
BFA,2005,geometric,46.27,reliable,27
BFA,2006,geometric,47.16,reliable,28
BFA,2007,geometric,48.7,reliable,25
BFA,2008,geometric,49.6,reliable,23
BFA,2009,geometric,49.49,reliable,23
BFA,2010,geometric,49.68,reliable,25
BFA,2011,geometric,49.99,reliable,25
BFA,2012,geometric,50.63,reliable,25
BFA,2013,geometric,50.62,reliable,27
BFA,2014,geometric,50.61,reliable,28
BFA,2015,geometric,51.54,reliable,22
BFA,2016,geometric,53.24,reliable,19
BFA,2017,geometric,55.13,reliable,18
BFA,2018,geometric,55.49,reliable,19
BFA,2019,geometric,53.96,reliable,21
BFA,2020,geometric,52.98,reliable,21
BFA,2021,geometric,54.54,thin,19
BFA,2022,geometric,52.6,reliable,26
BFA,2023,geometric,50.62,thin,31
BFA,2024,geometric,50.92,unreliable,
BWA,2000,geometric,62.72,thin,5
BWA,2001,geometric,64.16,unreliable,
BWA,2002,geometric,61.61,reliable,6
BWA,2003,geometric,63.87,reliable,3
BWA,2004,geometric,63.49,thin,2
BWA,2005,geometric,63.71,thin,2
BWA,2006,geometric,64.13,thin,5
BWA,2007,geometric,65.09,thin,4
BWA,2008,geometric,67.62,thin,2
BWA,2009,geometric,63.53,reliable,5
BWA,2010,geometric,65.1,reliable,4
BWA,2011,geometric,65.28,thin,4
BWA,2012,geometric,67.87,thin,2
BWA,2013,geometric,66.72,thin,4
BWA,2014,geometric,65.36,thin,4
BWA,2015,geometric,64.38,thin,5
BWA,2016,geometric,63.48,thin,6
BWA,2017,geometric,63.23,thin,8
BWA,2018,geometric,64.04,thin,8
BWA,2019,geometric,64.53,thin,8
BWA,2020,geometric,63.8,reliable,7
BWA,2021,geometric,65.1,thin,6
BWA,2022,geometric,64.84,thin,6
BWA,2023,geometric,65.37,thin,7
BWA,2024,geometric,64.69,unreliable,
CAF,2000,geometric,35.1,thin,41
CAF,2001,geometric,33.5,unreliable,
CAF,2002,geometric,33.42,thin,47
CAF,2003,geometric,30.95,thin,49
CAF,2004,geometric,32.93,thin,50
CAF,2005,geometric,32.75,thin,50
CAF,2006,geometric,33.38,thin,50
CAF,2007,geometric,34.71,thin,50
CAF,2008,geometric,33.3,thin,50
CAF,2009,geometric,28.98,reliable,52
CAF,2010,geometric,34.29,reliable,51
CAF,2011,geometric,34.71,reliable,49
CAF,2012,geometric,34.49,reliable,51
CAF,2013,geometric,27.74,reliable,53
CAF,2014,geometric,26.47,reliable,53
CAF,2015,geometric,29.6,reliable,52
CAF,2016,geometric,31.02,thin,51
CAF,2017,geometric,31.4,thin,52
CAF,2018,geometric,32.48,reliable,51
CAF,2019,geometric,29.97,reliable,52
CAF,2020,geometric,30.41,reliable,50
CAF,2021,geometric,28.41,reliable,52
CAF,2022,geometric,27.23,reliable,53
CAF,2023,geometric,33.15,thin,50
CAF,2024,geometric,33.34,unreliable,
CIV,2000,geometric,40.05,thin,32
CIV,2001,geometric,40.11,unreliable,
CIV,2002,geometric,36.76,thin,38
CIV,2003,geometric,40.06,thin,37
CIV,2004,geometric,38.34,thin,41
CIV,2005,geometric,38.63,thin,42
CIV,2006,geometric,41.98,thin,40
CIV,2007,geometric,42.47,thin,39
CIV,2008,geometric,43.74,thin,37
CIV,2009,geometric,46.72,reliable,34
CIV,2010,geometric,45.38,reliable,37
CIV,2011,geometric,45.63,reliable,38
CIV,2012,geometric,48.76,reliable,30
CIV,2013,geometric,50.92,thin,26
CIV,2014,geometric,52.53,reliable,19
CIV,2015,geometric,55.72,thin,13
CIV,2016,geometric,55.56,reliable,15
CIV,2017,geometric,56.18,reliable,14
CIV,2018,geometric,56.88,reliable,14
CIV,2019,geometric,57.55,reliable,13
CIV,2020,geometric,56.99,reliable,15
CIV,2021,geometric,57.53,thin,14
CIV,2022,geometric,58.5,reliable,13
CIV,2023,geometric,58.73,thin,13
CIV,2024,geometric,58.49,unreliable,
CMR,2000,geometric,45.64,thin,19
CMR,2001,geometric,45.86,unreliable,
CMR,2002,geometric,43.47,thin,28
CMR,2003,geometric,45.53,thin,20
CMR,2004,geometric,47.14,thin,22
CMR,2005,geometric,46.62,thin,25
CMR,2006,geometric,47.85,thin,26
CMR,2007,geometric,46.86,thin,29
CMR,2008,geometric,47.35,thin,29
CMR,2009,geometric,47.02,thin,31
CMR,2010,geometric,47.14,thin,33
CMR,2011,geometric,48.98,thin,28
CMR,2012,geometric,48.34,thin,34
CMR,2013,geometric,49.28,thin,31
CMR,2014,geometric,50.68,reliable,27
CMR,2015,geometric,50.14,reliable,30
CMR,2016,geometric,50.3,reliable,27
CMR,2017,geometric,49.37,reliable,33
CMR,2018,geometric,48.29,thin,36
CMR,2019,geometric,47.83,thin,37
CMR,2020,geometric,48.72,reliable,35
CMR,2021,geometric,48.65,reliable,36
CMR,2022,geometric,48.69,reliable,37
CMR,2023,geometric,48.62,thin,37
CMR,2024,geometric,48.43,unreliable,
COD,2000,geometric,12.99,thin,53
COD,2001,geometric,9.85,unreliable,
COD,2002,geometric,17.82,thin,53
COD,2003,geometric,23.07,thin,52
COD,2004,geometric,26.41,thin,52
COD,2005,geometric,28.47,thin,52
COD,2006,geometric,30.87,thin,51
COD,2007,geometric,31.8,thin,51
COD,2008,geometric,31.77,thin,51
COD,2009,geometric,32.92,reliable,50
COD,2010,geometric,34.17,reliable,52
COD,2011,geometric,33.42,reliable,51
COD,2012,geometric,34.09,thin,52
COD,2013,geometric,36.14,thin,50
COD,2014,geometric,35.75,reliable,50
COD,2015,geometric,37.53,reliable,49
COD,2016,geometric,37.06,reliable,48
COD,2017,geometric,35.83,reliable,49
COD,2018,geometric,36.7,reliable,49
COD,2019,geometric,35.94,reliable,48
COD,2020,geometric,36.0,reliable,49
COD,2021,geometric,36.37,reliable,48
COD,2022,geometric,36.15,reliable,48
COD,2023,geometric,35.65,thin,47
COD,2024,geometric,35.78,unreliable,
COG,2000,geometric,42.6,thin,23
COG,2001,geometric,43.46,unreliable,
COG,2002,geometric,44.38,thin,24
COG,2003,geometric,44.87,thin,25
COG,2004,geometric,46.97,thin,24
COG,2005,geometric,43.76,thin,32
COG,2006,geometric,45.86,thin,31
COG,2007,geometric,45.34,thin,33
COG,2008,geometric,44.94,thin,33
COG,2009,geometric,47.12,reliable,29
COG,2010,geometric,48.83,reliable,28
COG,2011,geometric,51.91,reliable,17
COG,2012,geometric,51.07,thin,23
COG,2013,geometric,52.38,reliable,19
COG,2014,geometric,51.64,reliable,22
COG,2015,geometric,50.68,reliable,26
COG,2016,geometric,48.89,reliable,35
COG,2017,geometric,48.65,reliable,34
COG,2018,geometric,47.45,reliable,38
COG,2019,geometric,46.45,reliable,39
COG,2020,geometric,46.66,reliable,38
COG,2021,geometric,47.31,reliable,37
COG,2022,geometric,50.05,reliable,33
COG,2023,geometric,49.95,thin,33
COG,2024,geometric,50.03,unreliable,
COM,2000,geometric,46.6,thin,18
COM,2001,geometric,47.63,unreliable,
COM,2002,geometric,53.51,thin,11
COM,2003,geometric,50.97,thin,14
COM,2004,geometric,47.46,thin,20
COM,2005,geometric,47.57,thin,21
COM,2006,geometric,48.21,thin,24
COM,2007,geometric,46.5,thin,30
COM,2008,geometric,45.39,thin,32
COM,2009,geometric,46.8,thin,33
COM,2010,geometric,51.82,thin,17
COM,2011,geometric,51.12,thin,19
COM,2012,geometric,53.25,thin,16
COM,2013,geometric,53.38,thin,17
COM,2014,geometric,55.21,thin,14
COM,2015,geometric,55.47,thin,15
COM,2016,geometric,55.36,thin,16
COM,2017,geometric,55.7,thin,16
COM,2018,geometric,55.89,thin,17
COM,2019,geometric,54.45,thin,19
COM,2020,geometric,52.06,thin,27
COM,2021,geometric,51.68,thin,29
COM,2022,geometric,52.18,thin,29
COM,2023,geometric,53.18,thin,24
COM,2024,geometric,56.07,unreliable,
CPV,2000,geometric,61.75,thin,6
CPV,2001,geometric,63.11,unreliable,
CPV,2002,geometric,62.67,thin,5
CPV,2003,geometric,60.61,thin,8
CPV,2004,geometric,60.93,thin,8
CPV,2005,geometric,61.07,thin,8
CPV,2006,geometric,62.77,thin,6
CPV,2007,geometric,63.65,thin,6
CPV,2008,geometric,64.07,thin,4
CPV,2009,geometric,64.56,thin,3
CPV,2010,geometric,63.18,thin,6
CPV,2011,geometric,63.27,thin,7
CPV,2012,geometric,64.92,thin,6
CPV,2013,geometric,64.2,thin,7
CPV,2014,geometric,62.6,thin,7
CPV,2015,geometric,63.29,reliable,8
CPV,2016,geometric,62.76,reliable,8
CPV,2017,geometric,63.43,reliable,7
CPV,2018,geometric,64.86,reliable,6
CPV,2019,geometric,66.12,thin,5
CPV,2020,geometric,62.78,reliable,9
CPV,2021,geometric,63.93,thin,8
CPV,2022,geometric,64.25,thin,7
CPV,2023,geometric,65.73,thin,6
CPV,2024,geometric,65.92,unreliable,
DJI,2000,geometric,41.35,thin,26
DJI,2001,geometric,42.61,unreliable,
DJI,2002,geometric,43.07,thin,29
DJI,2003,geometric,43.09,thin,31
DJI,2004,geometric,45.15,thin,29
DJI,2005,geometric,44.09,thin,31
DJI,2006,geometric,45.32,thin,32
DJI,2007,geometric,47.29,thin,28
DJI,2008,geometric,49.81,thin,22
DJI,2009,geometric,50.74,thin,21
DJI,2010,geometric,50.77,thin,20
DJI,2011,geometric,50.82,thin,21
DJI,2012,geometric,50.13,thin,27
DJI,2013,geometric,50.22,thin,28
DJI,2014,geometric,50.48,thin,29
DJI,2015,geometric,49.58,thin,34
DJI,2016,geometric,49.69,thin,30
DJI,2017,geometric,49.75,thin,32
DJI,2018,geometric,50.75,thin,30
DJI,2019,geometric,52.16,thin,26
DJI,2020,geometric,52.27,thin,25
DJI,2021,geometric,53.55,thin,24
DJI,2022,geometric,54.0,thin,23
DJI,2023,geometric,54.03,thin,22
DJI,2024,geometric,55.23,unreliable,
DZA,2000,geometric,42.38,thin,24
DZA,2001,geometric,42.69,unreliable,
DZA,2002,geometric,45.06,thin,21
DZA,2003,geometric,44.14,thin,27
DZA,2004,geometric,47.1,thin,23
DZA,2005,geometric,47.01,thin,23
DZA,2006,geometric,46.32,reliable,30
DZA,2007,geometric,45.75,reliable,32
DZA,2008,geometric,44.81,reliable,34
DZA,2009,geometric,44.13,thin,40
DZA,2010,geometric,44.01,thin,40
DZA,2011,geometric,44.18,thin,39
DZA,2012,geometric,44.51,thin,40
DZA,2013,geometric,45.3,reliable,41
DZA,2014,geometric,43.95,reliable,43
DZA,2015,geometric,44.34,thin,42
DZA,2016,geometric,45.97,thin,40
DZA,2017,geometric,46.29,thin,40
DZA,2018,geometric,46.88,thin,40
DZA,2019,geometric,46.23,reliable,40
DZA,2020,geometric,45.54,reliable,41
DZA,2021,geometric,45.36,reliable,42
DZA,2022,geometric,44.08,reliable,44
DZA,2023,geometric,44.59,reliable,45
DZA,2024,geometric,43.77,unreliable,
EGY,2000,geometric,55.28,thin,10
EGY,2001,geometric,54.96,unreliable,
EGY,2002,geometric,53.48,thin,12
EGY,2003,geometric,54.54,thin,10
EGY,2004,geometric,54.42,reliable,10
EGY,2005,geometric,53.29,reliable,12
EGY,2006,geometric,52.89,reliable,13
EGY,2007,geometric,52.57,thin,13
EGY,2008,geometric,52.94,reliable,15
EGY,2009,geometric,52.3,reliable,16
EGY,2010,geometric,50.6,reliable,21
EGY,2011,geometric,48.21,reliable,31
EGY,2012,geometric,48.04,reliable,35
EGY,2013,geometric,47.58,thin,34
EGY,2014,geometric,48.51,reliable,35
EGY,2015,geometric,49.15,reliable,35
EGY,2016,geometric,48.96,reliable,34
EGY,2017,geometric,48.52,reliable,35
EGY,2018,geometric,49.52,reliable,34
EGY,2019,geometric,52.07,reliable,27
EGY,2020,geometric,51.85,reliable,28
EGY,2021,geometric,51.78,thin,28
EGY,2022,geometric,53.0,thin,25
EGY,2023,geometric,51.88,thin,27
EGY,2024,geometric,50.43,unreliable,
ERI,2000,geometric,40.47,thin,28
ERI,2001,geometric,41.54,thin,10
ERI,2002,geometric,43.54,thin,27
ERI,2003,geometric,43.77,thin,29
ERI,2004,geometric,42.01,thin,36
ERI,2005,geometric,42.27,thin,34
ERI,2006,geometric,42.13,thin,39
ERI,2007,geometric,41.7,thin,44
ERI,2008,geometric,40.97,thin,43
ERI,2009,geometric,42.05,thin,43
ERI,2010,geometric,41.97,thin,42
ERI,2011,geometric,42.71,thin,42
ERI,2012,geometric,41.86,thin,45
ERI,2013,geometric,43.79,thin,43
ERI,2014,geometric,44.42,thin,42
ERI,2015,geometric,42.95,thin,45
ERI,2016,geometric,42.5,unreliable,
ERI,2017,geometric,41.79,thin,47
ERI,2018,geometric,41.96,thin,47
ERI,2019,geometric,41.46,unreliable,
ERI,2020,geometric,37.97,unreliable,
ERI,2021,geometric,39.04,unreliable,
ERI,2022,geometric,39.69,unreliable,
ERI,2023,geometric,40.02,unreliable,
ERI,2024,geometric,40.77,unreliable,
ETH,2000,geometric,33.43,thin,43
ETH,2001,geometric,34.1,thin,14
ETH,2002,geometric,34.8,thin,42
ETH,2003,geometric,34.1,thin,48
ETH,2004,geometric,37.17,thin,43
ETH,2005,geometric,38.48,thin,43
ETH,2006,geometric,41.74,thin,41
ETH,2007,geometric,42.81,thin,38
ETH,2008,geometric,43.24,thin,39
ETH,2009,geometric,45.11,thin,36
ETH,2010,geometric,46.12,thin,35
ETH,2011,geometric,46.18,reliable,37
ETH,2012,geometric,46.75,thin,37
ETH,2013,geometric,48.14,thin,33
ETH,2014,geometric,49.36,reliable,31
ETH,2015,geometric,49.77,reliable,33
ETH,2016,geometric,51.03,reliable,23
ETH,2017,geometric,50.25,reliable,29
ETH,2018,geometric,51.09,reliable,29
ETH,2019,geometric,51.84,reliable,29
ETH,2020,geometric,50.5,reliable,32
ETH,2021,geometric,49.13,reliable,35
ETH,2022,geometric,49.2,reliable,36
ETH,2023,geometric,48.46,thin,38
ETH,2024,geometric,49.13,unreliable,
GAB,2000,geometric,54.46,thin,11
GAB,2001,geometric,54.96,unreliable,
GAB,2002,geometric,55.49,thin,10
GAB,2003,geometric,53.2,thin,11
GAB,2004,geometric,51.79,thin,13
GAB,2005,geometric,52.58,thin,14
GAB,2006,geometric,52.3,thin,14
GAB,2007,geometric,51.84,thin,15
GAB,2008,geometric,50.86,thin,18
GAB,2009,geometric,48.96,thin,25
GAB,2010,geometric,50.32,thin,22
GAB,2011,geometric,51.82,thin,18
GAB,2012,geometric,51.21,thin,20
GAB,2013,geometric,51.78,thin,21
GAB,2014,geometric,50.24,thin,30
GAB,2015,geometric,50.49,thin,28
GAB,2016,geometric,49.43,thin,33
GAB,2017,geometric,51.41,thin,25
GAB,2018,geometric,51.1,thin,28
GAB,2019,geometric,52.62,thin,24
GAB,2020,geometric,52.45,thin,23
GAB,2021,geometric,53.73,thin,22
GAB,2022,geometric,54.72,thin,21
GAB,2023,geometric,53.11,thin,25
GAB,2024,geometric,54.84,unreliable,
GHA,2000,geometric,53.39,thin,12
GHA,2001,geometric,53.56,thin,6
GHA,2002,geometric,53.27,reliable,13
GHA,2003,geometric,52.57,reliable,12
GHA,2004,geometric,54.16,reliable,11
GHA,2005,geometric,54.86,reliable,10
GHA,2006,geometric,57.35,reliable,10
GHA,2007,geometric,57.74,reliable,10
GHA,2008,geometric,59.26,reliable,10
GHA,2009,geometric,60.27,reliable,8
GHA,2010,geometric,61.17,reliable,9
GHA,2011,geometric,65.42,thin,2
GHA,2012,geometric,67.27,thin,3
GHA,2013,geometric,67.78,reliable,3
GHA,2014,geometric,66.43,reliable,3
GHA,2015,geometric,66.2,reliable,3
GHA,2016,geometric,63.6,reliable,5
GHA,2017,geometric,64.24,reliable,5
GHA,2018,geometric,65.61,reliable,5
GHA,2019,geometric,66.63,reliable,3
GHA,2020,geometric,66.58,thin,3
GHA,2021,geometric,66.03,reliable,5
GHA,2022,geometric,66.55,reliable,4
GHA,2023,geometric,66.08,thin,5
GHA,2024,geometric,65.99,unreliable,
GIN,2000,geometric,30.71,thin,48
GIN,2001,geometric,31.82,thin,16
GIN,2002,geometric,34.77,thin,43
GIN,2003,geometric,37.49,thin,40
GIN,2004,geometric,39.37,thin,40
GIN,2005,geometric,37.6,thin,45
GIN,2006,geometric,36.15,thin,49
GIN,2007,geometric,36.13,thin,49
GIN,2008,geometric,36.85,thin,47
GIN,2009,geometric,38.7,thin,46
GIN,2010,geometric,39.87,thin,47
GIN,2011,geometric,42.22,thin,46
GIN,2012,geometric,42.16,thin,44
GIN,2013,geometric,42.87,thin,45
GIN,2014,geometric,43.92,thin,44
GIN,2015,geometric,46.5,thin,38
GIN,2016,geometric,47.07,thin,37
GIN,2017,geometric,47.85,thin,36
GIN,2018,geometric,49.75,thin,33
GIN,2019,geometric,50.36,thin,33
GIN,2020,geometric,49.71,thin,34
GIN,2021,geometric,49.85,thin,34
GIN,2022,geometric,50.17,thin,32
GIN,2023,geometric,50.42,thin,32
GIN,2024,geometric,50.78,unreliable,
GMB,2000,geometric,47.88,thin,17
GMB,2001,geometric,48.36,unreliable,
GMB,2002,geometric,48.82,thin,18
GMB,2003,geometric,49.87,thin,17
GMB,2004,geometric,48.39,thin,18
GMB,2005,geometric,47.36,thin,22
GMB,2006,geometric,47.69,thin,27
GMB,2007,geometric,48.48,thin,26
GMB,2008,geometric,50.4,thin,19
GMB,2009,geometric,53.21,thin,14
GMB,2010,geometric,52.52,thin,15
GMB,2011,geometric,51.96,thin,16
GMB,2012,geometric,51.71,thin,18
GMB,2013,geometric,51.04,thin,25
GMB,2014,geometric,50.84,thin,25
GMB,2015,geometric,51.3,thin,24
GMB,2016,geometric,49.92,thin,28
GMB,2017,geometric,53.06,thin,20
GMB,2018,geometric,54.67,thin,20
GMB,2019,geometric,55.55,thin,17
GMB,2020,geometric,55.36,thin,17
GMB,2021,geometric,55.66,thin,18
GMB,2022,geometric,57.09,reliable,16
GMB,2023,geometric,57.55,thin,15
GMB,2024,geometric,57.7,unreliable,
GNB,2000,geometric,32.24,thin,46
GNB,2001,geometric,35.24,unreliable,
GNB,2002,geometric,36.03,thin,40
GNB,2003,geometric,36.18,thin,42
GNB,2004,geometric,35.96,thin,48
GNB,2005,geometric,36.93,thin,46
GNB,2006,geometric,41.51,thin,43
GNB,2007,geometric,41.86,thin,41
GNB,2008,geometric,41.25,thin,42
GNB,2009,geometric,42.16,thin,42
GNB,2010,geometric,41.87,thin,44
GNB,2011,geometric,42.62,thin,43
GNB,2012,geometric,41.06,thin,46
GNB,2013,geometric,40.47,thin,46
GNB,2014,geometric,40.39,thin,46
GNB,2015,geometric,42.62,thin,46
GNB,2016,geometric,43.76,reliable,45
GNB,2017,geometric,45.42,reliable,43
GNB,2018,geometric,48.12,thin,37
GNB,2019,geometric,49.0,thin,35
GNB,2020,geometric,49.92,thin,33
GNB,2021,geometric,49.92,thin,33
GNB,2022,geometric,49.79,thin,34
GNB,2023,geometric,49.17,thin,36
GNB,2024,geometric,49.12,unreliable,
GNQ,2000,geometric,37.19,thin,37
GNQ,2001,geometric,39.58,unreliable,
GNQ,2002,geometric,39.87,thin,34
GNQ,2003,geometric,40.25,thin,36
GNQ,2004,geometric,39.85,thin,39
GNQ,2005,geometric,39.46,thin,38
GNQ,2006,geometric,41.46,thin,44
GNQ,2007,geometric,41.44,thin,45
GNQ,2008,geometric,40.22,thin,45
GNQ,2009,geometric,40.5,thin,44
GNQ,2010,geometric,39.95,thin,46
GNQ,2011,geometric,39.3,thin,47
GNQ,2012,geometric,39.23,thin,47
GNQ,2013,geometric,39.35,thin,47
GNQ,2014,geometric,39.06,thin,48
GNQ,2015,geometric,38.33,thin,48
GNQ,2016,geometric,38.46,thin,47
GNQ,2017,geometric,39.1,thin,48
GNQ,2018,geometric,39.01,thin,48
GNQ,2019,geometric,39.16,thin,47
GNQ,2020,geometric,39.23,thin,47
GNQ,2021,geometric,39.86,thin,46
GNQ,2022,geometric,41.21,thin,46
GNQ,2023,geometric,41.08,thin,46
GNQ,2024,geometric,41.59,unreliable,
KEN,2000,geometric,43.43,thin,21
KEN,2001,geometric,44.06,unreliable,
KEN,2002,geometric,45.14,thin,19
KEN,2003,geometric,47.09,thin,19
KEN,2004,geometric,49.53,thin,15
KEN,2005,geometric,49.75,thin,17
KEN,2006,geometric,49.82,thin,18
KEN,2007,geometric,49.72,thin,20
KEN,2008,geometric,48.4,thin,27
KEN,2009,geometric,47.94,thin,28
KEN,2010,geometric,49.86,thin,23
KEN,2011,geometric,50.44,reliable,23
KEN,2012,geometric,51.63,reliable,19
KEN,2013,geometric,52.96,reliable,18
KEN,2014,geometric,54.46,thin,15
KEN,2015,geometric,54.72,reliable,16
KEN,2016,geometric,55.99,reliable,14
KEN,2017,geometric,55.92,reliable,15
KEN,2018,geometric,56.92,reliable,13
KEN,2019,geometric,57.39,reliable,15
KEN,2020,geometric,57.39,reliable,13
KEN,2021,geometric,58.06,reliable,13
KEN,2022,geometric,59.9,reliable,11
KEN,2023,geometric,60.13,reliable,11
KEN,2024,geometric,60.41,unreliable,
LBR,2000,geometric,31.1,thin,47
LBR,2001,geometric,31.45,unreliable,
LBR,2002,geometric,31.0,thin,50
LBR,2003,geometric,30.48,thin,50
LBR,2004,geometric,33.84,thin,49
LBR,2005,geometric,35.67,thin,49
LBR,2006,geometric,42.33,thin,37
LBR,2007,geometric,43.26,reliable,37
LBR,2008,geometric,43.85,reliable,35
LBR,2009,geometric,45.09,reliable,37
LBR,2010,geometric,46.92,reliable,34
LBR,2011,geometric,46.79,thin,35
LBR,2012,geometric,48.39,reliable,33
LBR,2013,geometric,47.08,reliable,36
LBR,2014,geometric,45.16,reliable,40
LBR,2015,geometric,44.31,thin,44
LBR,2016,geometric,44.91,thin,41
LBR,2017,geometric,47.18,thin,37
LBR,2018,geometric,46.67,thin,41
LBR,2019,geometric,45.81,thin,41
LBR,2020,geometric,45.6,thin,40
LBR,2021,geometric,46.24,thin,39
LBR,2022,geometric,47.55,thin,39
LBR,2023,geometric,49.38,thin,35
LBR,2024,geometric,50.16,unreliable,
LBY,2000,geometric,34.38,thin,42
LBY,2001,geometric,34.47,unreliable,
LBY,2002,geometric,33.72,thin,46
LBY,2003,geometric,34.42,thin,46
LBY,2004,geometric,36.27,thin,47
LBY,2005,geometric,36.35,thin,47
LBY,2006,geometric,36.23,thin,48
LBY,2007,geometric,36.49,thin,48
LBY,2008,geometric,36.64,thin,48
LBY,2009,geometric,35.94,thin,49
LBY,2010,geometric,34.33,thin,50
LBY,2011,geometric,31.92,thin,52
LBY,2012,geometric,35.84,thin,50
LBY,2013,geometric,34.34,thin,51
LBY,2014,geometric,31.73,thin,51
LBY,2015,geometric,29.55,reliable,53
LBY,2016,geometric,29.3,reliable,52
LBY,2017,geometric,31.03,reliable,53
LBY,2018,geometric,31.34,reliable,52
LBY,2019,geometric,30.58,reliable,50
LBY,2020,geometric,28.69,reliable,52
LBY,2021,geometric,29.24,reliable,50
LBY,2022,geometric,29.73,reliable,51
LBY,2023,geometric,31.84,thin,51
LBY,2024,geometric,30.65,unreliable,
LSO,2000,geometric,50.4,thin,15
LSO,2001,geometric,52.04,thin,7
LSO,2002,geometric,50.36,thin,16
LSO,2003,geometric,50.46,thin,16
LSO,2004,geometric,48.89,thin,17
LSO,2005,geometric,50.94,thin,16
LSO,2006,geometric,49.71,thin,20
LSO,2007,geometric,49.39,reliable,21
LSO,2008,geometric,48.87,reliable,26
LSO,2009,geometric,50.97,thin,19
LSO,2010,geometric,49.55,thin,26
LSO,2011,geometric,50.36,thin,24
LSO,2012,geometric,51.07,thin,23
LSO,2013,geometric,52.16,thin,20
LSO,2014,geometric,51.87,thin,20
LSO,2015,geometric,51.79,thin,21
LSO,2016,geometric,53.65,thin,17
LSO,2017,geometric,55.2,thin,17
LSO,2018,geometric,55.62,thin,18
LSO,2019,geometric,55.11,thin,18
LSO,2020,geometric,54.55,thin,18
LSO,2021,geometric,54.41,thin,20
LSO,2022,geometric,56.33,thin,17
LSO,2023,geometric,55.8,thin,17
LSO,2024,geometric,56.39,unreliable,
MAR,2000,geometric,58.99,thin,9
MAR,2001,geometric,59.25,thin,5
MAR,2002,geometric,59.04,thin,9
MAR,2003,geometric,58.77,thin,9
MAR,2004,geometric,58.99,reliable,9
MAR,2005,geometric,57.48,reliable,9
MAR,2006,geometric,59.79,reliable,9
MAR,2007,geometric,60.84,reliable,9
MAR,2008,geometric,60.86,reliable,8
MAR,2009,geometric,62.47,reliable,6
MAR,2010,geometric,65.4,reliable,3
MAR,2011,geometric,64.57,reliable,5
MAR,2012,geometric,65.56,reliable,5
MAR,2013,geometric,65.46,thin,5
MAR,2014,geometric,64.54,reliable,5
MAR,2015,geometric,64.34,reliable,6
MAR,2016,geometric,65.51,reliable,4
MAR,2017,geometric,65.58,reliable,4
MAR,2018,geometric,66.11,reliable,3
MAR,2019,geometric,66.43,thin,4
MAR,2020,geometric,65.74,thin,5
MAR,2021,geometric,66.07,reliable,4
MAR,2022,geometric,65.94,reliable,5
MAR,2023,geometric,66.58,reliable,4
MAR,2024,geometric,65.95,unreliable,
MDG,2000,geometric,52.18,thin,13
MDG,2001,geometric,52.04,unreliable,
MDG,2002,geometric,50.72,thin,15
MDG,2003,geometric,52.48,thin,13
MDG,2004,geometric,51.56,thin,14
MDG,2005,geometric,53.52,thin,11
MDG,2006,geometric,54.16,thin,11
MDG,2007,geometric,55.36,thin,11
MDG,2008,geometric,53.63,thin,13
MDG,2009,geometric,51.26,thin,18
MDG,2010,geometric,48.1,thin,30
MDG,2011,geometric,47.79,thin,34
MDG,2012,geometric,48.77,thin,29
MDG,2013,geometric,47.35,thin,35
MDG,2014,geometric,48.62,thin,34
MDG,2015,geometric,49.82,thin,32
MDG,2016,geometric,51.31,thin,22
MDG,2017,geometric,50.84,thin,27
MDG,2018,geometric,54.37,reliable,21
MDG,2019,geometric,53.36,thin,22
MDG,2020,geometric,53.39,thin,20
MDG,2021,geometric,53.09,reliable,26
MDG,2022,geometric,53.02,thin,24
MDG,2023,geometric,52.91,thin,26
MDG,2024,geometric,53.14,unreliable,
MLI,2000,geometric,38.83,thin,35
MLI,2001,geometric,40.12,unreliable,
MLI,2002,geometric,44.02,thin,25
MLI,2003,geometric,45.14,thin,24
MLI,2004,geometric,47.23,thin,21
MLI,2005,geometric,47.6,thin,20
MLI,2006,geometric,48.0,thin,25
MLI,2007,geometric,49.28,thin,22
MLI,2008,geometric,48.88,thin,25
MLI,2009,geometric,49.34,thin,24
MLI,2010,geometric,49.47,thin,27
MLI,2011,geometric,49.81,thin,26
MLI,2012,geometric,45.5,thin,39
MLI,2013,geometric,47.04,thin,37
MLI,2014,geometric,47.67,reliable,36
MLI,2015,geometric,50.28,reliable,29
MLI,2016,geometric,49.76,reliable,29
MLI,2017,geometric,51.47,reliable,24
MLI,2018,geometric,51.66,reliable,27
MLI,2019,geometric,51.17,reliable,31
MLI,2020,geometric,50.75,thin,31
MLI,2021,geometric,50.43,reliable,31
MLI,2022,geometric,49.59,reliable,35
MLI,2023,geometric,49.46,thin,34
MLI,2024,geometric,49.82,unreliable,
MOZ,2000,geometric,38.54,thin,36
MOZ,2001,geometric,39.9,thin,12
MOZ,2002,geometric,40.95,reliable,32
MOZ,2003,geometric,41.69,reliable,35
MOZ,2004,geometric,43.27,reliable,33
MOZ,2005,geometric,45.38,reliable,30
MOZ,2006,geometric,47.08,reliable,29
MOZ,2007,geometric,47.89,reliable,27
MOZ,2008,geometric,48.02,reliable,28
MOZ,2009,geometric,48.75,reliable,27
MOZ,2010,geometric,48.07,reliable,31
MOZ,2011,geometric,48.21,reliable,31
MOZ,2012,geometric,50.03,thin,28
MOZ,2013,geometric,49.51,thin,29
MOZ,2014,geometric,48.81,thin,33
MOZ,2015,geometric,48.41,thin,37
MOZ,2016,geometric,48.39,thin,36
MOZ,2017,geometric,47.15,reliable,38
MOZ,2018,geometric,48.34,thin,35
MOZ,2019,geometric,47.97,reliable,36
MOZ,2020,geometric,46.23,thin,39
MOZ,2021,geometric,47.16,reliable,38
MOZ,2022,geometric,47.6,reliable,38
MOZ,2023,geometric,47.68,thin,39
MOZ,2024,geometric,47.72,unreliable,
MRT,2000,geometric,43.12,thin,22
MRT,2001,geometric,43.24,thin,9
MRT,2002,geometric,44.8,thin,22
MRT,2003,geometric,45.51,thin,21
MRT,2004,geometric,43.4,thin,32
MRT,2005,geometric,43.47,thin,33
MRT,2006,geometric,45.12,thin,33
MRT,2007,geometric,45.85,thin,31
MRT,2008,geometric,43.76,thin,36
MRT,2009,geometric,46.39,thin,35
MRT,2010,geometric,48.52,thin,29
MRT,2011,geometric,48.77,thin,29
MRT,2012,geometric,48.42,thin,32
MRT,2013,geometric,48.58,thin,32
MRT,2014,geometric,49.06,thin,32
MRT,2015,geometric,50.65,thin,27
MRT,2016,geometric,50.75,thin,26
MRT,2017,geometric,51.18,thin,26
MRT,2018,geometric,52.4,reliable,23
MRT,2019,geometric,52.75,reliable,23
MRT,2020,geometric,50.79,thin,30
MRT,2021,geometric,50.43,thin,31
MRT,2022,geometric,50.74,thin,31
MRT,2023,geometric,51.11,thin,29
MRT,2024,geometric,51.83,unreliable,
MUS,2000,geometric,74.98,thin,1
MUS,2001,geometric,74.52,thin,1
MUS,2002,geometric,74.97,thin,1
MUS,2003,geometric,74.6,thin,1
MUS,2004,geometric,74.29,thin,1
MUS,2005,geometric,74.53,thin,1
MUS,2006,geometric,74.57,thin,1
MUS,2007,geometric,75.05,thin,1
MUS,2008,geometric,73.53,thin,1
MUS,2009,geometric,72.42,thin,1
MUS,2010,geometric,70.74,thin,1
MUS,2011,geometric,71.32,thin,1
MUS,2012,geometric,72.77,thin,1
MUS,2013,geometric,72.22,thin,1
MUS,2014,geometric,72.92,thin,1
MUS,2015,geometric,74.12,reliable,1
MUS,2016,geometric,74.25,reliable,1
MUS,2017,geometric,73.53,reliable,1
MUS,2018,geometric,73.36,reliable,1
MUS,2019,geometric,73.41,thin,1
MUS,2020,geometric,72.43,reliable,1
MUS,2021,geometric,71.38,reliable,1
MUS,2022,geometric,71.39,reliable,1
MUS,2023,geometric,72.46,thin,1
MUS,2024,geometric,72.37,unreliable,
MWI,2000,geometric,40.11,thin,31
MWI,2001,geometric,37.61,unreliable,
MWI,2002,geometric,36.74,thin,39
MWI,2003,geometric,43.26,reliable,30
MWI,2004,geometric,49.06,reliable,16
MWI,2005,geometric,51.27,reliable,15
MWI,2006,geometric,51.12,reliable,15
MWI,2007,geometric,52.55,reliable,14
MWI,2008,geometric,53.86,reliable,12
MWI,2009,geometric,55.19,reliable,11
MWI,2010,geometric,53.24,thin,14
MWI,2011,geometric,53.49,thin,14
MWI,2012,geometric,52.85,thin,17
MWI,2013,geometric,53.58,thin,16
MWI,2014,geometric,53.29,thin,17
MWI,2015,geometric,50.73,thin,25
MWI,2016,geometric,49.66,thin,31
MWI,2017,geometric,50.21,thin,30
MWI,2018,geometric,49.93,thin,32
MWI,2019,geometric,50.7,thin,32
MWI,2020,geometric,51.59,thin,29
MWI,2021,geometric,53.24,thin,25
MWI,2022,geometric,52.23,thin,28
MWI,2023,geometric,51.46,thin,28
MWI,2024,geometric,53.08,unreliable,
NAM,2000,geometric,65.23,thin,3
NAM,2001,geometric,65.42,thin,3
NAM,2002,geometric,62.98,thin,4
NAM,2003,geometric,61.35,thin,6
NAM,2004,geometric,62.27,thin,5
NAM,2005,geometric,63.01,thin,4
NAM,2006,geometric,65.33,thin,2
NAM,2007,geometric,65.69,thin,3
NAM,2008,geometric,66.14,thin,3
NAM,2009,geometric,65.98,reliable,2
NAM,2010,geometric,65.55,reliable,2
NAM,2011,geometric,65.39,reliable,3
NAM,2012,geometric,67.17,reliable,4
NAM,2013,geometric,67.86,thin,2
NAM,2014,geometric,67.78,thin,2
NAM,2015,geometric,68.32,thin,2
NAM,2016,geometric,66.75,thin,2
NAM,2017,geometric,66.86,thin,2
NAM,2018,geometric,65.66,reliable,4
NAM,2019,geometric,66.0,reliable,6
NAM,2020,geometric,65.82,reliable,4
NAM,2021,geometric,69.1,reliable,2
NAM,2022,geometric,69.03,thin,2
NAM,2023,geometric,69.54,thin,2
NAM,2024,geometric,69.21,unreliable,
NER,2000,geometric,33.26,thin,44
NER,2001,geometric,32.51,thin,15
NER,2002,geometric,33.82,thin,45
NER,2003,geometric,35.87,thin,43
NER,2004,geometric,36.97,thin,45
NER,2005,geometric,38.01,thin,44
NER,2006,geometric,38.39,thin,46
NER,2007,geometric,39.94,thin,46
NER,2008,geometric,40.45,thin,44
NER,2009,geometric,40.49,reliable,45
NER,2010,geometric,41.95,reliable,43
NER,2011,geometric,42.35,reliable,45
NER,2012,geometric,43.81,reliable,41
NER,2013,geometric,43.97,thin,42
NER,2014,geometric,44.65,reliable,41
NER,2015,geometric,44.33,reliable,43
NER,2016,geometric,44.26,thin,43
NER,2017,geometric,45.02,reliable,44
NER,2018,geometric,43.35,reliable,45
NER,2019,geometric,44.26,reliable,44
NER,2020,geometric,43.95,reliable,44
NER,2021,geometric,44.27,reliable,44
NER,2022,geometric,44.85,reliable,43
NER,2023,geometric,45.24,thin,43
NER,2024,geometric,45.02,unreliable,
NGA,2000,geometric,35.3,thin,40
NGA,2001,geometric,36.07,unreliable,
NGA,2002,geometric,34.43,thin,44
NGA,2003,geometric,39.81,thin,38
NGA,2004,geometric,41.62,thin,37
NGA,2005,geometric,41.5,thin,35
NGA,2006,geometric,43.19,thin,36
NGA,2007,geometric,44.79,thin,34
NGA,2008,geometric,45.47,thin,31
NGA,2009,geometric,46.95,thin,32
NGA,2010,geometric,44.6,thin,39
NGA,2011,geometric,46.59,thin,36
NGA,2012,geometric,47.59,thin,36
NGA,2013,geometric,46.79,thin,38
NGA,2014,geometric,46.48,reliable,38
NGA,2015,geometric,48.96,reliable,36
NGA,2016,geometric,46.68,thin,38
NGA,2017,geometric,46.37,reliable,39
NGA,2018,geometric,47.18,reliable,39
NGA,2019,geometric,47.38,reliable,38
NGA,2020,geometric,46.71,reliable,37
NGA,2021,geometric,46.13,reliable,40
NGA,2022,geometric,46.24,reliable,41
NGA,2023,geometric,47.44,thin,42
NGA,2024,geometric,47.25,unreliable,
RWA,2000,geometric,36.15,thin,38
RWA,2001,geometric,36.89,unreliable,
RWA,2002,geometric,39.87,thin,34
RWA,2003,geometric,42.25,thin,34
RWA,2004,geometric,45.34,thin,28
RWA,2005,geometric,46.3,thin,26
RWA,2006,geometric,50.06,reliable,17
RWA,2007,geometric,51.34,reliable,16
RWA,2008,geometric,53.4,reliable,14
RWA,2009,geometric,52.77,thin,15
RWA,2010,geometric,54.12,thin,12
RWA,2011,geometric,54.57,thin,12
RWA,2012,geometric,56.49,thin,12
RWA,2013,geometric,56.84,reliable,12
RWA,2014,geometric,58.02,thin,12
RWA,2015,geometric,58.11,reliable,12
RWA,2016,geometric,58.86,reliable,12
RWA,2017,geometric,59.08,thin,12
RWA,2018,geometric,59.55,reliable,11
RWA,2019,geometric,59.48,reliable,11
RWA,2020,geometric,59.75,reliable,11
RWA,2021,geometric,61.35,thin,10
RWA,2022,geometric,61.51,thin,10
RWA,2023,geometric,62.25,thin,10
RWA,2024,geometric,62.9,unreliable,
SDN,2000,geometric,35.32,thin,39
SDN,2001,geometric,35.55,unreliable,
SDN,2002,geometric,38.87,thin,36
SDN,2003,geometric,36.91,thin,41
SDN,2004,geometric,42.24,thin,35
SDN,2005,geometric,40.73,thin,36
SDN,2006,geometric,43.47,thin,34
SDN,2007,geometric,42.15,thin,40
SDN,2008,geometric,38.64,thin,46
SDN,2009,geometric,38.31,thin,47
SDN,2010,geometric,39.09,thin,48
SDN,2011,geometric,38.15,thin,48
SDN,2012,geometric,37.97,thin,48
SDN,2013,geometric,38.06,thin,48
SDN,2014,geometric,39.61,thin,47
SDN,2015,geometric,42.11,thin,47
SDN,2016,geometric,41.91,thin,46
SDN,2017,geometric,43.53,thin,46
SDN,2018,geometric,42.74,reliable,46
SDN,2019,geometric,43.07,reliable,45
SDN,2020,geometric,40.13,reliable,46
SDN,2021,geometric,39.56,reliable,47
SDN,2022,geometric,38.78,reliable,47
SDN,2023,geometric,35.59,thin,48
SDN,2024,geometric,34.53,unreliable,
SEN,2000,geometric,50.09,thin,16
SEN,2001,geometric,50.39,unreliable,
SEN,2002,geometric,51.78,thin,14
SEN,2003,geometric,50.76,thin,15
SEN,2004,geometric,51.94,thin,12
SEN,2005,geometric,53.05,thin,13
SEN,2006,geometric,53.09,thin,12
SEN,2007,geometric,53.3,thin,12
SEN,2008,geometric,53.92,thin,11
SEN,2009,geometric,55.14,thin,12
SEN,2010,geometric,54.97,thin,11
SEN,2011,geometric,55.37,reliable,11
SEN,2012,geometric,57.48,thin,11
SEN,2013,geometric,57.61,reliable,11
SEN,2014,geometric,58.53,reliable,11
SEN,2015,geometric,61.06,reliable,9
SEN,2016,geometric,61.73,thin,9
SEN,2017,geometric,62.52,reliable,9
SEN,2018,geometric,63.39,reliable,9
SEN,2019,geometric,64.05,reliable,9
SEN,2020,geometric,63.57,reliable,8
SEN,2021,geometric,62.86,reliable,9
SEN,2022,geometric,63.04,reliable,9
SEN,2023,geometric,63.38,reliable,9
SEN,2024,geometric,63.47,unreliable,
SLE,2000,geometric,29.86,thin,49
SLE,2001,geometric,28.48,unreliable,
SLE,2002,geometric,32.58,thin,49
SLE,2003,geometric,35.87,thin,43
SLE,2004,geometric,40.5,reliable,38
SLE,2005,geometric,39.33,reliable,39
SLE,2006,geometric,40.4,reliable,45
SLE,2007,geometric,41.83,reliable,42
SLE,2008,geometric,42.5,reliable,41
SLE,2009,geometric,44.18,reliable,39
SLE,2010,geometric,45.93,reliable,36
SLE,2011,geometric,48.49,reliable,30
SLE,2012,geometric,50.53,thin,26
SLE,2013,geometric,51.21,thin,23
SLE,2014,geometric,50.78,thin,26
SLE,2015,geometric,49.96,reliable,31
SLE,2016,geometric,49.6,thin,32
SLE,2017,geometric,49.98,thin,31
SLE,2018,geometric,52.27,thin,24
SLE,2019,geometric,52.01,reliable,28
SLE,2020,geometric,52.07,reliable,26
SLE,2021,geometric,52.42,reliable,27
SLE,2022,geometric,51.9,thin,30
SLE,2023,geometric,51.09,thin,30
SLE,2024,geometric,51.45,unreliable,
SOM,2000,geometric,21.62,thin,52
SOM,2001,geometric,22.27,unreliable,
SOM,2002,geometric,24.89,thin,52
SOM,2003,geometric,22.51,thin,53
SOM,2004,geometric,25.34,thin,53
SOM,2005,geometric,26.37,thin,53
SOM,2006,geometric,26.0,thin,53
SOM,2007,geometric,23.02,thin,53
SOM,2008,geometric,23.4,thin,53
SOM,2009,geometric,24.72,thin,53
SOM,2010,geometric,24.29,thin,53
SOM,2011,geometric,21.47,thin,54
SOM,2012,geometric,25.16,thin,54
SOM,2013,geometric,29.17,reliable,52
SOM,2014,geometric,31.1,reliable,52
SOM,2015,geometric,32.27,reliable,51
SOM,2016,geometric,31.66,reliable,50
SOM,2017,geometric,31.69,reliable,51
SOM,2018,geometric,30.2,reliable,53
SOM,2019,geometric,30.21,reliable,51
SOM,2020,geometric,29.16,reliable,51
SOM,2021,geometric,29.18,reliable,51
SOM,2022,geometric,30.01,reliable,50
SOM,2023,geometric,31.73,thin,52
SOM,2024,geometric,32.2,unreliable,
SSD,2000,geometric,37.7,unreliable,
SSD,2001,geometric,38.55,unreliable,
SSD,2002,geometric,39.92,unreliable,
SSD,2003,geometric,40.86,unreliable,
SSD,2004,geometric,42.18,unreliable,
SSD,2005,geometric,43.09,unreliable,
SSD,2006,geometric,44.72,unreliable,
SSD,2007,geometric,44.23,unreliable,
SSD,2008,geometric,44.25,unreliable,
SSD,2009,geometric,43.95,unreliable,
SSD,2010,geometric,45.48,unreliable,
SSD,2011,geometric,29.63,thin,53
SSD,2012,geometric,25.75,thin,53
SSD,2013,geometric,26.34,thin,54
SSD,2014,geometric,22.39,thin,54
SSD,2015,geometric,23.67,reliable,54
SSD,2016,geometric,20.97,reliable,53
SSD,2017,geometric,18.89,reliable,54
SSD,2018,geometric,21.4,reliable,54
SSD,2019,geometric,21.83,reliable,53
SSD,2020,geometric,22.37,reliable,53
SSD,2021,geometric,27.05,reliable,53
SSD,2022,geometric,28.92,reliable,52
SSD,2023,geometric,29.28,unreliable,
SSD,2024,geometric,29.56,unreliable,
STP,2000,geometric,59.09,thin,8
STP,2001,geometric,59.72,unreliable,
STP,2002,geometric,60.07,thin,8
STP,2003,geometric,61.75,thin,5
STP,2004,geometric,61.75,thin,7
STP,2005,geometric,62.82,thin,5
STP,2006,geometric,61.79,reliable,8
STP,2007,geometric,62.26,reliable,7
STP,2008,geometric,60.24,reliable,9
STP,2009,geometric,61.29,reliable,7
STP,2010,geometric,63.74,reliable,5
STP,2011,geometric,64.04,thin,6
STP,2012,geometric,64.34,thin,7
STP,2013,geometric,65.25,thin,6
STP,2014,geometric,64.06,thin,6
STP,2015,geometric,64.29,thin,7
STP,2016,geometric,63.44,thin,7
STP,2017,geometric,63.48,thin,6
STP,2018,geometric,64.5,thin,7
STP,2019,geometric,64.71,thin,7
STP,2020,geometric,64.07,thin,6
STP,2021,geometric,64.09,thin,7
STP,2022,geometric,63.44,thin,8
STP,2023,geometric,64.95,thin,8
STP,2024,geometric,62.83,unreliable,
SWZ,2000,geometric,50.44,reliable,14
SWZ,2001,geometric,49.95,unreliable,
SWZ,2002,geometric,49.99,thin,17
SWZ,2003,geometric,49.78,thin,18
SWZ,2004,geometric,48.21,thin,19
SWZ,2005,geometric,48.91,thin,18
SWZ,2006,geometric,50.91,reliable,16
SWZ,2007,geometric,51.08,thin,18
SWZ,2008,geometric,52.91,reliable,16
SWZ,2009,geometric,53.57,reliable,13
SWZ,2010,geometric,54.04,reliable,13
SWZ,2011,geometric,53.69,reliable,13
SWZ,2012,geometric,55.4,reliable,13
SWZ,2013,geometric,56.05,reliable,13
SWZ,2014,geometric,56.4,reliable,13
SWZ,2015,geometric,55.71,reliable,14
SWZ,2016,geometric,56.33,thin,13
SWZ,2017,geometric,57.87,reliable,13
SWZ,2018,geometric,56.8,thin,15
SWZ,2019,geometric,57.41,thin,14
SWZ,2020,geometric,56.51,thin,16
SWZ,2021,geometric,55.78,reliable,17
SWZ,2022,geometric,55.58,thin,19
SWZ,2023,geometric,55.14,thin,20
SWZ,2024,geometric,55.37,unreliable,
SYC,2000,geometric,67.04,thin,2
SYC,2001,geometric,67.09,thin,2
SYC,2002,geometric,67.53,thin,2
SYC,2003,geometric,66.82,thin,2
SYC,2004,geometric,62.47,reliable,4
SYC,2005,geometric,63.69,thin,3
SYC,2006,geometric,64.6,thin,3
SYC,2007,geometric,65.79,reliable,2
SYC,2008,geometric,62.74,reliable,6
SYC,2009,geometric,59.87,reliable,9
SYC,2010,geometric,61.76,reliable,7
SYC,2011,geometric,60.3,thin,9
SYC,2012,geometric,64.34,thin,7
SYC,2013,geometric,60.98,reliable,10
SYC,2014,geometric,61.84,reliable,8
SYC,2015,geometric,65.42,reliable,4
SYC,2016,geometric,65.71,reliable,3
SYC,2017,geometric,65.72,reliable,3
SYC,2018,geometric,67.13,reliable,2
SYC,2019,geometric,67.11,reliable,2
SYC,2020,geometric,66.89,reliable,2
SYC,2021,geometric,67.26,reliable,3
SYC,2022,geometric,67.28,thin,3
SYC,2023,geometric,68.41,thin,3
SYC,2024,geometric,68.1,unreliable,
TCD,2000,geometric,29.19,thin,51
TCD,2001,geometric,29.85,thin,17
TCD,2002,geometric,29.6,thin,51
TCD,2003,geometric,28.91,thin,51
TCD,2004,geometric,31.32,thin,51
TCD,2005,geometric,30.41,thin,51
TCD,2006,geometric,29.77,thin,52
TCD,2007,geometric,29.81,thin,52
TCD,2008,geometric,29.41,thin,52
TCD,2009,geometric,32.18,reliable,51
TCD,2010,geometric,35.7,reliable,49
TCD,2011,geometric,34.31,thin,50
TCD,2012,geometric,36.16,reliable,49
TCD,2013,geometric,36.54,thin,49
TCD,2014,geometric,36.3,thin,49
TCD,2015,geometric,35.92,reliable,50
TCD,2016,geometric,33.6,reliable,49
TCD,2017,geometric,35.45,reliable,50
TCD,2018,geometric,35.28,reliable,50
TCD,2019,geometric,35.92,reliable,49
TCD,2020,geometric,36.01,reliable,48
TCD,2021,geometric,35.92,reliable,49
TCD,2022,geometric,34.65,reliable,49
TCD,2023,geometric,34.24,thin,49
TCD,2024,geometric,34.59,unreliable,
TGO,2000,geometric,40.18,thin,29
TGO,2001,geometric,40.62,unreliable,
TGO,2002,geometric,40.71,thin,33
TGO,2003,geometric,42.59,thin,33
TGO,2004,geometric,42.62,thin,34
TGO,2005,geometric,39.32,thin,40
TGO,2006,geometric,42.19,thin,38
TGO,2007,geometric,43.86,thin,35
TGO,2008,geometric,46.33,thin,30
TGO,2009,geometric,47.04,reliable,30
TGO,2010,geometric,47.32,reliable,32
TGO,2011,geometric,47.92,reliable,33
TGO,2012,geometric,48.66,reliable,31
TGO,2013,geometric,49.48,reliable,30
TGO,2014,geometric,51.09,reliable,24
TGO,2015,geometric,52.39,thin,19
TGO,2016,geometric,53.31,reliable,18
TGO,2017,geometric,52.7,thin,21
TGO,2018,geometric,53.41,thin,22
TGO,2019,geometric,54.36,thin,20
TGO,2020,geometric,54.55,thin,18
TGO,2021,geometric,55.8,thin,16
TGO,2022,geometric,55.92,reliable,18
TGO,2023,geometric,55.58,thin,18
TGO,2024,geometric,55.53,unreliable,
TUN,2000,geometric,63.54,thin,4
TUN,2001,geometric,63.42,unreliable,
TUN,2002,geometric,63.71,thin,3
TUN,2003,geometric,62.6,thin,4
TUN,2004,geometric,63.35,thin,3
TUN,2005,geometric,62.82,thin,5
TUN,2006,geometric,64.35,thin,4
TUN,2007,geometric,64.28,reliable,5
TUN,2008,geometric,63.98,reliable,5
TUN,2009,geometric,63.55,thin,4
TUN,2010,geometric,61.55,reliable,8
TUN,2011,geometric,62.49,thin,8
TUN,2012,geometric,62.08,thin,9
TUN,2013,geometric,61.51,thin,8
TUN,2014,geometric,60.62,thin,10
TUN,2015,geometric,60.72,thin,10
TUN,2016,geometric,60.8,thin,10
TUN,2017,geometric,62.07,thin,10
TUN,2018,geometric,63.14,thin,10
TUN,2019,geometric,61.55,reliable,10
TUN,2020,geometric,61.43,reliable,10
TUN,2021,geometric,59.46,thin,12
TUN,2022,geometric,58.8,thin,12
TUN,2023,geometric,58.43,thin,14
TUN,2024,geometric,57.42,unreliable,
TZA,2000,geometric,41.67,thin,25
TZA,2001,geometric,42.9,unreliable,
TZA,2002,geometric,45.07,thin,20
TZA,2003,geometric,45.24,reliable,23
TZA,2004,geometric,46.41,reliable,26
TZA,2005,geometric,48.05,thin,19
TZA,2006,geometric,49.77,thin,19
TZA,2007,geometric,51.16,thin,17
TZA,2008,geometric,50.14,thin,20
TZA,2009,geometric,50.39,thin,22
TZA,2010,geometric,51.13,reliable,19
TZA,2011,geometric,51.05,reliable,20
TZA,2012,geometric,51.12,reliable,21
TZA,2013,geometric,51.17,thin,24
TZA,2014,geometric,51.73,thin,21
TZA,2015,geometric,51.38,reliable,23
TZA,2016,geometric,52.19,reliable,21
TZA,2017,geometric,51.85,reliable,22
TZA,2018,geometric,52.01,reliable,26
TZA,2019,geometric,52.56,thin,25
TZA,2020,geometric,52.77,reliable,22
TZA,2021,geometric,53.59,thin,23
TZA,2022,geometric,54.21,thin,22
TZA,2023,geometric,54.76,thin,21
TZA,2024,geometric,55.84,unreliable,
UGA,2000,geometric,39.41,thin,34
UGA,2001,geometric,40.35,unreliable,
UGA,2002,geometric,41.72,thin,31
UGA,2003,geometric,43.01,thin,32
UGA,2004,geometric,45.9,thin,27
UGA,2005,geometric,45.8,thin,29
UGA,2006,geometric,48.44,thin,22
UGA,2007,geometric,49.07,thin,23
UGA,2008,geometric,49.89,thin,21
UGA,2009,geometric,48.85,reliable,26
UGA,2010,geometric,49.71,reliable,24
UGA,2011,geometric,49.66,reliable,27
UGA,2012,geometric,53.95,reliable,14
UGA,2013,geometric,54.03,reliable,14
UGA,2014,geometric,54.11,reliable,16
UGA,2015,geometric,54.51,reliable,17
UGA,2016,geometric,50.76,reliable,25
UGA,2017,geometric,51.78,thin,23
UGA,2018,geometric,52.12,reliable,25
UGA,2019,geometric,51.79,reliable,30
UGA,2020,geometric,52.38,reliable,24
UGA,2021,geometric,53.89,reliable,21
UGA,2022,geometric,55.51,reliable,20
UGA,2023,geometric,55.53,thin,19
UGA,2024,geometric,56.07,unreliable,
ZAF,2000,geometric,60.53,reliable,7
ZAF,2001,geometric,60.58,thin,4
ZAF,2002,geometric,60.62,reliable,7
ZAF,2003,geometric,60.96,reliable,7
ZAF,2004,geometric,62.01,reliable,6
ZAF,2005,geometric,62.69,reliable,7
ZAF,2006,geometric,61.89,thin,7
ZAF,2007,geometric,62.19,reliable,8
ZAF,2008,geometric,61.53,thin,7
ZAF,2009,geometric,59.86,reliable,10
ZAF,2010,geometric,60.07,reliable,10
ZAF,2011,geometric,59.71,reliable,10
ZAF,2012,geometric,60.63,thin,10
ZAF,2013,geometric,61.11,reliable,9
ZAF,2014,geometric,60.8,thin,9
ZAF,2015,geometric,60.4,reliable,11
ZAF,2016,geometric,59.63,reliable,11
ZAF,2017,geometric,59.15,reliable,11
ZAF,2018,geometric,58.98,thin,12
ZAF,2019,geometric,59.11,reliable,12
ZAF,2020,geometric,59.3,reliable,12
ZAF,2021,geometric,59.67,thin,11
ZAF,2022,geometric,57.95,reliable,14
ZAF,2023,geometric,59.92,reliable,12
ZAF,2024,geometric,59.75,unreliable,
ZMB,2000,geometric,40.62,thin,27
ZMB,2001,geometric,41.75,unreliable,
ZMB,2002,geometric,43.89,thin,26
ZMB,2003,geometric,44.48,thin,26
ZMB,2004,geometric,44.83,thin,30
ZMB,2005,geometric,47.01,thin,23
ZMB,2006,geometric,49.22,thin,21
ZMB,2007,geometric,50.14,thin,19
ZMB,2008,geometric,52.17,reliable,17
ZMB,2009,geometric,52.05,reliable,17
ZMB,2010,geometric,52.41,thin,16
ZMB,2011,geometric,53.33,reliable,15
ZMB,2012,geometric,53.68,reliable,15
ZMB,2013,geometric,53.64,reliable,15
ZMB,2014,geometric,53.26,reliable,18
ZMB,2015,geometric,52.17,reliable,20
ZMB,2016,geometric,50.85,thin,24
ZMB,2017,geometric,50.75,thin,28
ZMB,2018,geometric,50.0,thin,31
ZMB,2019,geometric,49.55,thin,34
ZMB,2020,geometric,48.58,thin,36
ZMB,2021,geometric,51.54,thin,30
ZMB,2022,geometric,52.28,thin,27
ZMB,2023,geometric,53.5,thin,23
ZMB,2024,geometric,55.84,unreliable,
ZWE,2000,geometric,39.71,thin,33
ZWE,2001,geometric,39.23,thin,13
ZWE,2002,geometric,38.32,reliable,37
ZWE,2003,geometric,39.48,reliable,39
ZWE,2004,geometric,37.73,reliable,42
ZWE,2005,geometric,36.16,reliable,48
ZWE,2006,geometric,37.66,reliable,47
ZWE,2007,geometric,37.61,thin,47
ZWE,2008,geometric,36.09,thin,49
ZWE,2009,geometric,37.85,thin,48
ZWE,2010,geometric,41.77,reliable,45
ZWE,2011,geometric,43.58,thin,41
ZWE,2012,geometric,46.47,reliable,38
ZWE,2013,geometric,46.73,thin,39
ZWE,2014,geometric,46.12,thin,39
ZWE,2015,geometric,46.11,thin,39
ZWE,2016,geometric,46.08,thin,39
ZWE,2017,geometric,46.24,thin,41
ZWE,2018,geometric,45.95,reliable,42
ZWE,2019,geometric,41.87,thin,46
ZWE,2020,geometric,40.84,reliable,45
ZWE,2021,geometric,42.35,reliable,45
ZWE,2022,geometric,43.88,reliable,45
ZWE,2023,geometric,44.92,thin,44
ZWE,2024,geometric,47.07,unreliable,
